# ************************************************************
# Sequel Pro SQL dump
# Version 4541
#
# http://www.sequelpro.com/
# https://github.com/sequelpro/sequelpro
#
# Hôte: 127.0.0.1 (MySQL 8.0.19)
# Base de données: eapi
# Temps de génération: 2020-04-18 08:00:05 +0000
# ************************************************************


/*!40101 SET @OLD_CHARACTER_SET_CLIENT=@@CHARACTER_SET_CLIENT */;
/*!40101 SET @OLD_CHARACTER_SET_RESULTS=@@CHARACTER_SET_RESULTS */;
/*!40101 SET @OLD_COLLATION_CONNECTION=@@COLLATION_CONNECTION */;
/*!40101 SET NAMES utf8 */;
/*!40014 SET @OLD_FOREIGN_KEY_CHECKS=@@FOREIGN_KEY_CHECKS, FOREIGN_KEY_CHECKS=0 */;
/*!40101 SET @OLD_SQL_MODE=@@SQL_MODE, SQL_MODE='NO_AUTO_VALUE_ON_ZERO' */;
/*!40111 SET @OLD_SQL_NOTES=@@SQL_NOTES, SQL_NOTES=0 */;


# Affichage de la table failed_jobs
# ------------------------------------------------------------

DROP TABLE IF EXISTS `failed_jobs`;

CREATE TABLE `failed_jobs` (
  `id` bigint(20) unsigned NOT NULL AUTO_INCREMENT,
  `connection` text COLLATE utf8mb4_unicode_ci NOT NULL,
  `queue` text COLLATE utf8mb4_unicode_ci NOT NULL,
  `payload` longtext COLLATE utf8mb4_unicode_ci NOT NULL,
  `exception` longtext COLLATE utf8mb4_unicode_ci NOT NULL,
  `failed_at` timestamp NOT NULL DEFAULT current_timestamp(),
  PRIMARY KEY (`id`)
) ENGINE=InnoDB DEFAULT CHARSET=utf8mb4 COLLATE=utf8mb4_unicode_ci;



# Affichage de la table migrations
# ------------------------------------------------------------

DROP TABLE IF EXISTS `migrations`;

CREATE TABLE `migrations` (
  `id` int(10) unsigned NOT NULL AUTO_INCREMENT,
  `migration` varchar(255) COLLATE utf8mb4_unicode_ci NOT NULL,
  `batch` int(11) NOT NULL,
  PRIMARY KEY (`id`)
) ENGINE=InnoDB DEFAULT CHARSET=utf8mb4 COLLATE=utf8mb4_unicode_ci;

LOCK TABLES `migrations` WRITE;
/*!40000 ALTER TABLE `migrations` DISABLE KEYS */;

INSERT INTO `migrations` (`id`, `migration`, `batch`)
VALUES
	(1,'2014_10_12_000000_create_users_table',1),
	(2,'2019_08_19_000000_create_failed_jobs_table',1),
	(3,'2020_04_17_141407_create_products_table',1),
	(4,'2020_04_17_173219_create_reviews_table',1);

/*!40000 ALTER TABLE `migrations` ENABLE KEYS */;
UNLOCK TABLES;


# Affichage de la table products
# ------------------------------------------------------------

DROP TABLE IF EXISTS `products`;

CREATE TABLE `products` (
  `id` int(10) unsigned NOT NULL AUTO_INCREMENT,
  `name` varchar(255) COLLATE utf8mb4_unicode_ci NOT NULL,
  `detail` text COLLATE utf8mb4_unicode_ci NOT NULL,
  `price` int(11) NOT NULL,
  `stock` int(11) NOT NULL,
  `discount` int(11) NOT NULL,
  `created_at` timestamp NULL DEFAULT NULL,
  `updated_at` timestamp NULL DEFAULT NULL,
  PRIMARY KEY (`id`)
) ENGINE=InnoDB DEFAULT CHARSET=utf8mb4 COLLATE=utf8mb4_unicode_ci;

LOCK TABLES `products` WRITE;
/*!40000 ALTER TABLE `products` DISABLE KEYS */;

INSERT INTO `products` (`id`, `name`, `detail`, `price`, `stock`, `discount`, `created_at`, `updated_at`)
VALUES
	(1,'qui','Quia quas iste illum et quae. Esse voluptatibus doloribus cum est. In in quo voluptas quo impedit repudiandae.',219,5,2,'2020-04-18 07:51:10','2020-04-18 07:51:10'),
	(2,'culpa','Porro deleniti vel quia et consequuntur qui enim. Quos ab officia ipsum eaque qui distinctio ea. Quas est in sint.',722,9,14,'2020-04-18 07:51:10','2020-04-18 07:51:10'),
	(3,'voluptas','Culpa quos et voluptas. Qui recusandae ad velit eum. Quia delectus sit sapiente non animi animi repellat. Iste ducimus doloribus vel et itaque vel nulla.',144,0,18,'2020-04-18 07:51:10','2020-04-18 07:51:10'),
	(4,'rem','Et impedit adipisci odio cum odio est. At cumque ipsa quia quasi qui doloremque. Voluptate temporibus iusto nemo modi reprehenderit qui earum.',300,3,11,'2020-04-18 07:51:10','2020-04-18 07:51:10'),
	(5,'nostrum','Eum enim nihil velit quae. Ut reiciendis inventore error ut cumque nihil. Iste natus est quidem. Omnis nostrum aliquid voluptas qui. Asperiores rerum odit enim molestiae.',363,0,4,'2020-04-18 07:51:10','2020-04-18 07:51:10'),
	(6,'rerum','Molestiae quia commodi illo delectus aut corrupti. Asperiores consequatur excepturi repellendus voluptate dolor vero rem. Quibusdam in aliquam et aspernatur quis aut.',665,2,9,'2020-04-18 07:51:10','2020-04-18 07:51:10'),
	(7,'molestiae','Enim mollitia quia nihil quis. Aut id ex voluptates maxime architecto tempore. Est et voluptatum corporis mollitia et rerum qui. Maiores incidunt repudiandae quibusdam repudiandae.',912,1,13,'2020-04-18 07:51:10','2020-04-18 07:51:10'),
	(8,'laboriosam','Esse voluptas quis inventore commodi iusto doloribus. Et est voluptatem corrupti illo hic laudantium. Itaque cum facere autem ratione dolorem ut fugiat.',556,7,19,'2020-04-18 07:51:10','2020-04-18 07:51:10'),
	(9,'autem','Itaque quidem accusamus velit distinctio facere consequatur et. Temporibus et distinctio corrupti pariatur. Explicabo dolorem autem mollitia id ut ipsum.',971,5,5,'2020-04-18 07:51:10','2020-04-18 07:51:10'),
	(10,'aut','Laborum vel quidem placeat similique numquam. Rerum qui omnis pariatur rerum accusamus et. Aliquam corporis voluptatem occaecati qui nobis incidunt sunt. Facilis eum laboriosam pariatur nulla commodi et incidunt.',958,4,16,'2020-04-18 07:51:10','2020-04-18 07:51:10'),
	(11,'ipsam','Magni dolores consequuntur odit voluptates reiciendis. Et dolores non neque et animi. Est possimus veritatis cupiditate voluptatem. Qui deserunt ipsum ut tempora natus itaque aut.',583,8,21,'2020-04-18 07:51:10','2020-04-18 07:51:10'),
	(12,'laboriosam','Error est iure suscipit voluptatum laudantium eligendi qui. Fugiat ut repellat dolore eius dolorem. Est totam sit nam hic similique. Consequatur ad sint repellendus temporibus.',470,7,11,'2020-04-18 07:51:10','2020-04-18 07:51:10'),
	(13,'aperiam','Officia voluptatem culpa omnis ut beatae fugiat. Ut autem nesciunt dignissimos quis autem tempore. Debitis quia similique qui ea ipsum autem.',262,1,17,'2020-04-18 07:51:10','2020-04-18 07:51:10'),
	(14,'nihil','Molestiae officiis aliquid sequi molestias aut possimus. Nihil molestiae quis adipisci quidem. Corrupti omnis fugiat eos voluptatum vel omnis iusto. Ut unde est quos tenetur.',460,9,6,'2020-04-18 07:51:10','2020-04-18 07:51:10'),
	(15,'necessitatibus','Est magni error voluptatem suscipit quas. Labore omnis facilis non ducimus at. Enim quaerat eaque sunt aut rerum ut beatae nihil. Consequatur molestiae atque dolores a repellendus qui ea et.',766,5,9,'2020-04-18 07:51:10','2020-04-18 07:51:10'),
	(16,'accusantium','Pariatur suscipit aut et eos. Perspiciatis quasi deleniti quis recusandae doloremque. Quam aut earum ducimus. Quae consequatur eius explicabo quisquam aut.',619,0,30,'2020-04-18 07:51:10','2020-04-18 07:51:10'),
	(17,'eveniet','Eaque quam doloremque eos asperiores cumque sint explicabo. Nemo quia aliquam et. Porro maxime dolorem dolores qui aliquid. Similique blanditiis earum minus.',561,0,4,'2020-04-18 07:51:10','2020-04-18 07:51:10'),
	(18,'ipsa','Rerum qui alias adipisci exercitationem. Temporibus asperiores consequuntur ipsa est. Odio nemo non vero sunt eum non voluptatibus.',419,8,22,'2020-04-18 07:51:10','2020-04-18 07:51:10'),
	(19,'magni','Ducimus similique repellendus consequatur. Voluptatem sit est recusandae beatae laudantium. Doloremque ducimus qui tenetur tenetur sunt.',502,6,14,'2020-04-18 07:51:10','2020-04-18 07:51:10'),
	(20,'voluptatem','Consectetur est cupiditate id voluptas rerum dignissimos sit. Repudiandae non placeat occaecati temporibus minus eaque optio nihil. Ipsa aut occaecati doloribus aut. Dolorum modi ut quis ducimus eius molestias.',728,0,7,'2020-04-18 07:51:10','2020-04-18 07:51:10'),
	(21,'sed','Voluptates vero adipisci sint quisquam voluptatem quisquam sunt asperiores. Ut minus in debitis laboriosam quam odio voluptates. Sapiente corporis maxime delectus provident. Totam omnis adipisci sunt quo quasi in non.',764,6,9,'2020-04-18 07:51:10','2020-04-18 07:51:10'),
	(22,'alias','Dolores in culpa voluptatem non corrupti quidem. Molestiae iusto consequatur omnis non assumenda perferendis esse. In qui atque et suscipit aut inventore. At voluptas doloribus id.',336,0,17,'2020-04-18 07:51:10','2020-04-18 07:51:10'),
	(23,'aliquam','Debitis voluptatibus debitis sequi saepe et quam est. Qui eos vel necessitatibus quia. Et et ea molestias veniam.',775,2,23,'2020-04-18 07:51:10','2020-04-18 07:51:10'),
	(24,'provident','Temporibus vero aliquid sed optio. Alias dolorem rerum asperiores nihil non corrupti quis ea. Sint aut culpa id ut cupiditate atque facere molestias.',484,8,30,'2020-04-18 07:51:10','2020-04-18 07:51:10'),
	(25,'itaque','Officia sed enim et et fuga nihil molestias. Est iste harum quas. Recusandae dicta nobis maiores sed ut nihil ab. Consequuntur voluptatem dolor consequatur aut quia aut sunt.',419,1,7,'2020-04-18 07:51:10','2020-04-18 07:51:10'),
	(26,'odit','Voluptatem sapiente dignissimos atque ex. Quo explicabo id alias optio nulla. Voluptates quis qui consectetur. Similique et numquam voluptatem neque qui delectus eum iusto.',687,7,4,'2020-04-18 07:51:10','2020-04-18 07:51:10'),
	(27,'quibusdam','Dolor doloribus qui hic laudantium quasi. Aspernatur voluptas nihil dignissimos. Et iste dolores cum dolorem qui omnis tenetur excepturi.',562,1,25,'2020-04-18 07:51:10','2020-04-18 07:51:10'),
	(28,'voluptas','Quaerat voluptatem eos fugit sit est ad. Voluptas eum numquam voluptatibus quia. Eaque sit aperiam quia voluptatibus. Est repudiandae quibusdam tempora nostrum et nobis aperiam.',718,8,16,'2020-04-18 07:51:10','2020-04-18 07:51:10'),
	(29,'qui','Voluptatem ullam tempora aut ducimus saepe. Sint velit fuga ea id. Iusto alias unde facere veniam. Ut quia totam eum atque.',644,4,22,'2020-04-18 07:51:10','2020-04-18 07:51:10'),
	(30,'velit','Quidem voluptatibus atque sunt quia sunt maiores. Accusantium qui dolor numquam laboriosam.',684,4,22,'2020-04-18 07:51:10','2020-04-18 07:51:10'),
	(31,'alias','Magnam enim nobis nihil iusto quibusdam. Et consequatur qui magni. Non amet quam ea. Repellendus culpa eius ducimus expedita sed ea voluptatem.',161,5,7,'2020-04-18 07:51:10','2020-04-18 07:51:10'),
	(32,'soluta','Illum sunt sed delectus qui officiis et repudiandae unde. Dicta earum modi et voluptatem. Iure est exercitationem id.',205,5,19,'2020-04-18 07:51:10','2020-04-18 07:51:10'),
	(33,'voluptates','Sequi rerum quos blanditiis esse consectetur qui recusandae. Dolores aperiam ut dolorem voluptatem quia dolor. Omnis natus enim velit laudantium voluptates vitae. Enim sit rerum sunt illum ratione id.',889,0,17,'2020-04-18 07:51:10','2020-04-18 07:51:10'),
	(34,'velit','Ducimus eaque tempore vitae illum neque. Esse voluptas est error quia commodi quasi odit. Vel molestiae modi sed fuga quasi dolorum et eos. Provident est non neque ducimus autem ipsam laboriosam et.',669,0,10,'2020-04-18 07:51:10','2020-04-18 07:51:10'),
	(35,'magnam','Ad possimus nisi ut rerum. Ipsa odio aut repellendus voluptate eligendi. Et culpa rerum at ex. Laudantium voluptatum consequatur porro atque excepturi assumenda ratione. Labore deleniti quos in natus quia et earum.',761,7,21,'2020-04-18 07:51:10','2020-04-18 07:51:10'),
	(36,'dolor','Nesciunt iusto mollitia est maxime. Asperiores ut dignissimos qui et. Natus hic perspiciatis tempore excepturi aliquam ipsum aut.',605,3,16,'2020-04-18 07:51:10','2020-04-18 07:51:10'),
	(37,'neque','Autem dicta iste voluptas ipsum impedit. Consequatur necessitatibus numquam voluptas nemo. Pariatur culpa nulla est autem omnis quia est repellat.',555,1,9,'2020-04-18 07:51:10','2020-04-18 07:51:10'),
	(38,'voluptates','Recusandae sit dolorem est expedita iure voluptatem. Quo aliquid sunt officia animi perferendis ea dolor quia. Ut dolor corporis sed reiciendis minima nihil est ea.',992,9,20,'2020-04-18 07:51:10','2020-04-18 07:51:10'),
	(39,'assumenda','Magnam cupiditate exercitationem eos et totam voluptatibus. Nulla quia et vitae commodi labore et voluptatem. Odio sunt at consequatur nihil dolorem. Molestias neque eaque dicta molestiae.',216,2,8,'2020-04-18 07:51:10','2020-04-18 07:51:10'),
	(40,'aliquam','Eos quas nobis reprehenderit amet. Voluptas reiciendis unde consequatur. Quas qui rem fugiat.',604,1,18,'2020-04-18 07:51:10','2020-04-18 07:51:10'),
	(41,'aut','Corrupti rem recusandae cupiditate et ut. Est non ex voluptatem earum. Error sint qui quaerat dignissimos provident quis.',864,2,8,'2020-04-18 07:51:10','2020-04-18 07:51:10'),
	(42,'repellendus','Molestiae quo rem accusamus ut nihil sit. Culpa quia ut totam quam aut cum. Ut perferendis ducimus laborum qui eius qui delectus tempore.',806,6,4,'2020-04-18 07:51:10','2020-04-18 07:51:10'),
	(43,'sit','Nesciunt quia nisi perferendis dolor asperiores consequatur doloremque. Non ea autem quaerat ratione quos qui. Ut doloremque qui distinctio quod dicta quos eos. Qui perferendis voluptatem ut voluptate atque repudiandae cumque culpa.',937,9,29,'2020-04-18 07:51:10','2020-04-18 07:51:10'),
	(44,'corporis','Nesciunt voluptatem sint enim sit dolorum odit dolor. Libero possimus nostrum nihil ut sapiente at sint.',997,2,12,'2020-04-18 07:51:10','2020-04-18 07:51:10'),
	(45,'blanditiis','Et dolorem qui aut quasi rerum consequatur eius exercitationem. Beatae autem reiciendis laudantium asperiores sed ea delectus. Maxime provident dignissimos quia ad sequi quos. Maiores quidem tenetur quos omnis distinctio autem. Sed accusamus repellendus voluptatem laborum repellat aut.',971,8,14,'2020-04-18 07:51:10','2020-04-18 07:51:10'),
	(46,'quis','Voluptate vel doloremque laudantium odit quod ut voluptatem. Dolores minima id modi eius rerum. Ipsa iusto nobis pariatur vel cumque velit rerum. Eveniet possimus soluta ab sed ut labore.',924,0,11,'2020-04-18 07:51:10','2020-04-18 07:51:10'),
	(47,'autem','Hic aliquid quaerat corrupti quia voluptatem. Nesciunt ex nostrum qui aliquam voluptatem vitae omnis. Sit dolorem laborum temporibus inventore quae dolorem veritatis. Nisi nobis voluptate quis nihil ullam rerum facere.',134,6,19,'2020-04-18 07:51:10','2020-04-18 07:51:10'),
	(48,'magni','Est quia minus necessitatibus voluptatum nemo vel modi et. Optio magni consequatur suscipit perferendis et voluptas placeat. Autem neque quis laborum beatae voluptas reiciendis quidem eaque.',758,8,29,'2020-04-18 07:51:10','2020-04-18 07:51:10'),
	(49,'labore','Temporibus voluptas et voluptate consequatur necessitatibus asperiores. Earum error quaerat vel architecto dignissimos reprehenderit ducimus aut. Dolor deleniti ut explicabo voluptas qui quia. Eos aut consequatur soluta soluta et et.',956,2,3,'2020-04-18 07:51:10','2020-04-18 07:51:10'),
	(50,'omnis','Dicta error sit perferendis ut asperiores perspiciatis quo. Minima est numquam quo saepe eum.',209,5,24,'2020-04-18 07:51:10','2020-04-18 07:51:10');

/*!40000 ALTER TABLE `products` ENABLE KEYS */;
UNLOCK TABLES;


# Affichage de la table reviews
# ------------------------------------------------------------

DROP TABLE IF EXISTS `reviews`;

CREATE TABLE `reviews` (
  `id` int(10) unsigned NOT NULL AUTO_INCREMENT,
  `product_id` int(10) unsigned NOT NULL,
  `customer` varchar(255) COLLATE utf8mb4_unicode_ci NOT NULL,
  `review` text COLLATE utf8mb4_unicode_ci NOT NULL,
  `star` int(11) NOT NULL,
  `created_at` timestamp NULL DEFAULT NULL,
  `updated_at` timestamp NULL DEFAULT NULL,
  PRIMARY KEY (`id`),
  KEY `reviews_product_id_index` (`product_id`),
  CONSTRAINT `reviews_product_id_foreign` FOREIGN KEY (`product_id`) REFERENCES `products` (`id`) ON DELETE CASCADE
) ENGINE=InnoDB DEFAULT CHARSET=utf8mb4 COLLATE=utf8mb4_unicode_ci;

LOCK TABLES `reviews` WRITE;
/*!40000 ALTER TABLE `reviews` DISABLE KEYS */;

INSERT INTO `reviews` (`id`, `product_id`, `customer`, `review`, `star`, `created_at`, `updated_at`)
VALUES
	(1,12,'Joshuah Bogan II','Velit eligendi expedita rem libero nisi et. Placeat non corporis cupiditate quod repellat voluptatem voluptas. Repudiandae voluptate repudiandae nisi. Eveniet ut ut sint illum nihil laudantium rem. Quaerat velit delectus voluptatem fugit delectus.',5,'2020-04-18 07:51:11','2020-04-18 07:51:11'),
	(2,6,'Kurtis Herman','Quo rerum ratione ut voluptatem aut repudiandae nulla doloremque. Amet quasi eos et officiis tenetur. Voluptatem sed aspernatur quis debitis dolor doloremque nesciunt.',1,'2020-04-18 07:51:11','2020-04-18 07:51:11'),
	(3,47,'Ms. Imelda Cassin','Aut quis eius inventore ab beatae ut. Voluptas sint quia molestiae id ipsa alias. Cupiditate ex esse sed aut illum voluptatum.',2,'2020-04-18 07:51:11','2020-04-18 07:51:11'),
	(4,29,'Reinhold Ward','Maxime quam culpa autem quia eum. Quis sed voluptate deleniti quae facilis tenetur quibusdam voluptas. Ipsam est earum nobis est non laborum.',5,'2020-04-18 07:51:11','2020-04-18 07:51:11'),
	(5,17,'Anahi Wehner','Enim eligendi voluptatum laboriosam totam sed. Perferendis alias odit aliquid a aut molestiae exercitationem. Nam excepturi laboriosam repudiandae porro voluptas in voluptatum aliquam.',1,'2020-04-18 07:51:11','2020-04-18 07:51:11'),
	(6,35,'Leora Beahan','Aliquid iste corrupti ea. Corrupti sed dolores rerum. Vero dolor deleniti doloribus voluptatem non dolorum.',2,'2020-04-18 07:51:11','2020-04-18 07:51:11'),
	(7,13,'Elaina Torp DDS','Est aut voluptatem autem. Explicabo tenetur beatae consequatur ut veniam. Fugiat voluptatibus dolor reiciendis.',4,'2020-04-18 07:51:11','2020-04-18 07:51:11'),
	(8,20,'Prof. Kaylee Nitzsche','Incidunt minima est nobis est. Praesentium consequatur non est sequi accusantium. Aperiam in neque aut sequi. Quam commodi quod voluptatibus fuga sed est eum.',2,'2020-04-18 07:51:11','2020-04-18 07:51:11'),
	(9,40,'Ona Pfannerstill','Quo inventore culpa magnam sint earum quis enim cumque. Voluptatem illum vel voluptatum aut. Aspernatur nisi eos eaque enim dolore sint et sequi. Voluptas ullam harum qui excepturi incidunt fugiat.',1,'2020-04-18 07:51:11','2020-04-18 07:51:11'),
	(10,26,'Emmalee King III','Suscipit eveniet aut quia quos et. Eius pariatur modi minus saepe. Blanditiis quo architecto nihil eaque. Consectetur doloribus voluptate sed impedit.',2,'2020-04-18 07:51:11','2020-04-18 07:51:11'),
	(11,22,'Price Schmitt','Asperiores repellat atque iusto magnam omnis numquam minima. Enim consequatur nulla ut in molestiae nihil. Quis libero qui voluptatem quibusdam modi.',5,'2020-04-18 07:51:11','2020-04-18 07:51:11'),
	(12,6,'Dallas Shanahan','Quia optio ratione beatae sit et ipsa nesciunt. Minima fuga facilis est et ex. Commodi possimus provident quis tenetur quae voluptatem maxime et. Placeat aut occaecati corrupti nihil unde occaecati rerum.',2,'2020-04-18 07:51:11','2020-04-18 07:51:11'),
	(13,10,'Mr. Elmo Russel MD','Ut harum aut est beatae tempore accusamus quas. Aperiam molestias saepe illum rerum quisquam ipsam.',3,'2020-04-18 07:51:11','2020-04-18 07:51:11'),
	(14,18,'Dr. Jerome Jaskolski DVM','Ullam eos quaerat at magni asperiores magni quae. Error illo omnis autem perferendis et quo. Sint sint laboriosam laboriosam quod in repellendus consequatur. Dolorem nesciunt doloribus laudantium nihil et sit illo.',5,'2020-04-18 07:51:11','2020-04-18 07:51:11'),
	(15,13,'Shanel West','Temporibus illum quos soluta quidem iste. Debitis ut et fuga qui ipsam sunt. Ut eos cumque deserunt possimus velit voluptate asperiores. Et facere corrupti maiores fugit numquam quia sit.',2,'2020-04-18 07:51:11','2020-04-18 07:51:11'),
	(16,18,'Karson Spinka MD','Provident dolorum et ullam minus qui sunt et. Veniam dolorum iure quas est quis sint rem. Ut voluptatem iusto quisquam nobis inventore praesentium consequatur.',4,'2020-04-18 07:51:11','2020-04-18 07:51:11'),
	(17,40,'Amira Heathcote','Aut sint officia quaerat consectetur quibusdam sed quidem. Est non deleniti animi aspernatur consequatur. Optio blanditiis et suscipit omnis.',4,'2020-04-18 07:51:11','2020-04-18 07:51:11'),
	(18,13,'Dr. Chelsea Fadel','Quae provident itaque est aperiam placeat. Illum earum dolorem delectus. Rerum provident expedita perspiciatis nesciunt nisi. Molestiae voluptas modi eveniet odit cumque.',3,'2020-04-18 07:51:11','2020-04-18 07:51:11'),
	(19,1,'Saul Hamill I','Voluptas veniam rem voluptatem harum. Et velit totam unde sed temporibus soluta. Quaerat qui sunt ea. Blanditiis expedita iure quidem doloremque illo dolorum aliquam amet.',1,'2020-04-18 07:51:11','2020-04-18 07:51:11'),
	(20,50,'Alvis Gusikowski','Sit impedit nisi veniam deserunt culpa voluptate ex optio. In sint voluptas expedita rerum nemo eos ea. Rerum sapiente vero quam vel.',5,'2020-04-18 07:51:11','2020-04-18 07:51:11'),
	(21,2,'Lavern Wolf','Tempora nemo quod aut adipisci. Deleniti fuga et voluptatem adipisci nostrum dolores cupiditate nisi. Quod animi id itaque ipsam. Vel omnis ratione nesciunt libero dolorum sunt sunt.',1,'2020-04-18 07:51:11','2020-04-18 07:51:11'),
	(22,29,'Kelvin Veum IV','Deserunt quo rerum sapiente qui aliquid a doloribus. Ullam molestiae ut excepturi doloribus sit rerum quibusdam corrupti. Quo amet qui dolores praesentium.',4,'2020-04-18 07:51:11','2020-04-18 07:51:11'),
	(23,27,'Annabell Smitham II','Corrupti velit quod perspiciatis modi et eius qui. Quia mollitia porro qui. Quo voluptatem minus tempore quia voluptatem explicabo.',5,'2020-04-18 07:51:11','2020-04-18 07:51:11'),
	(24,17,'Prof. Alexie Jakubowski PhD','Provident laudantium aut quia saepe velit placeat et. Qui beatae incidunt ut blanditiis fuga at. Pariatur culpa magni qui illo. Ut at minus architecto.',3,'2020-04-18 07:51:11','2020-04-18 07:51:11'),
	(25,49,'Kristy Kautzer','Quidem et consequatur harum tempora ipsa quas. Ea et sapiente deserunt quo eum quasi beatae. Voluptatem beatae et rerum. Repellendus eos praesentium corrupti repellat.',2,'2020-04-18 07:51:11','2020-04-18 07:51:11'),
	(26,46,'Mariela Moen','Enim sequi unde ipsa labore cumque. Unde itaque aperiam dolorem sit unde quisquam. Hic consequatur eum saepe fugit pariatur accusantium sit. Repellat nobis reprehenderit in veniam enim.',3,'2020-04-18 07:51:11','2020-04-18 07:51:11'),
	(27,8,'Margarette O\'Keefe','Nobis et id et sed. Repellendus non et rerum. Sunt itaque omnis consequuntur fugiat aut velit.',1,'2020-04-18 07:51:11','2020-04-18 07:51:11'),
	(28,37,'Ms. Letha Heidenreich V','Quisquam repellendus ducimus sit dignissimos occaecati. Illum voluptatem eum rerum molestias corporis veritatis unde nobis. Enim qui molestias qui ipsam. Et aut nam optio non earum optio.',5,'2020-04-18 07:51:11','2020-04-18 07:51:11'),
	(29,46,'Halie Runolfsson','Omnis assumenda unde architecto hic illo eum. Qui ea laudantium ea aliquid deserunt iusto saepe. Illo mollitia voluptatem in. Quod est consequatur ipsam hic deserunt nesciunt et. Dolore ea cumque quo fugiat qui.',2,'2020-04-18 07:51:11','2020-04-18 07:51:11'),
	(30,6,'Craig Reinger DVM','Delectus ipsum dolorum ad. Sit rerum ipsam ut ea et.',3,'2020-04-18 07:51:11','2020-04-18 07:51:11'),
	(31,35,'Prof. Maverick Schumm V','Est reprehenderit debitis nam non. Est et ut ut magni voluptas repellat soluta voluptas. Id mollitia cupiditate dicta vero quasi odio et blanditiis. Consequatur excepturi aliquam ipsum.',2,'2020-04-18 07:51:11','2020-04-18 07:51:11'),
	(32,25,'Olen Kerluke','Excepturi quae minima aut voluptatum. Quam qui ducimus magnam cumque dolor dolorum.',2,'2020-04-18 07:51:11','2020-04-18 07:51:11'),
	(33,46,'Adele Becker','Ea sint laboriosam voluptatem dolorem voluptatem dolore. Iste tenetur error qui quo. Rerum error sit blanditiis aperiam. Illum neque qui perferendis vitae corporis ea qui.',4,'2020-04-18 07:51:11','2020-04-18 07:51:11'),
	(34,7,'Mrs. Neva Cronin','Ex facere necessitatibus ab minus alias non et. Doloremque facere et sed placeat. Et in eaque consequatur dolore in voluptatem.',3,'2020-04-18 07:51:11','2020-04-18 07:51:11'),
	(35,34,'Garland King','Beatae asperiores placeat quia distinctio totam nisi nemo. Voluptate nemo dolore rerum ab repellat quibusdam. Adipisci velit ratione reprehenderit deserunt dignissimos. Ut dicta saepe esse doloribus voluptatem distinctio rem est.',4,'2020-04-18 07:51:11','2020-04-18 07:51:11'),
	(36,25,'Prof. Harvey Weissnat Jr.','Odio perferendis non dolorem rerum dolor ut dolorum nihil. Voluptatem suscipit vero natus fuga reiciendis. Placeat labore esse occaecati dolores modi est consequatur velit. Consectetur consequatur ea sunt a vel tempore sunt.',5,'2020-04-18 07:51:11','2020-04-18 07:51:11'),
	(37,33,'Tamia Friesen','Quo sequi eos ut et qui iure. Odio dolores explicabo nihil aut maiores officiis quisquam. Et non nulla voluptate impedit et. Nobis odit et ducimus nemo sunt possimus.',2,'2020-04-18 07:51:11','2020-04-18 07:51:11'),
	(38,15,'Janessa Cremin','Placeat tempore accusamus nihil omnis aut aut. Non illum nulla commodi velit. Qui dolores possimus fugit eos.',2,'2020-04-18 07:51:11','2020-04-18 07:51:11'),
	(39,6,'Jaleel Schmeler','Ut placeat id commodi non a omnis. Necessitatibus temporibus in id minima quod voluptatem. Dolor ipsum earum illum eligendi enim. Accusantium nostrum et omnis quia qui.',5,'2020-04-18 07:51:11','2020-04-18 07:51:11'),
	(40,42,'Miss Adell Hickle PhD','Tempore velit et error nostrum. Ratione ea doloremque perspiciatis magni omnis. Amet placeat ducimus unde saepe quaerat eos.',3,'2020-04-18 07:51:11','2020-04-18 07:51:11'),
	(41,2,'Britney Koss','Modi modi placeat et quos unde. Et maiores quibusdam necessitatibus enim sit natus necessitatibus.',3,'2020-04-18 07:51:11','2020-04-18 07:51:11'),
	(42,37,'Reynold Jones','Illum adipisci dignissimos aut ducimus recusandae amet. Harum veritatis ducimus doloremque dolor. Aut rem non possimus nostrum veniam. Eos animi facilis hic iusto ducimus odit est.',5,'2020-04-18 07:51:11','2020-04-18 07:51:11'),
	(43,16,'Jean Boyer DDS','In sunt qui harum quibusdam eligendi dolor maiores. Eveniet reiciendis est illo velit culpa quia. Eos in officia voluptas cumque omnis cupiditate molestiae.',1,'2020-04-18 07:51:11','2020-04-18 07:51:11'),
	(44,27,'Sonia Lindgren','Et ipsam beatae ut quaerat odio illo repudiandae. Sit facere enim in. Qui libero voluptatem rerum in et.',3,'2020-04-18 07:51:11','2020-04-18 07:51:11'),
	(45,4,'Vilma Aufderhar','Laboriosam fugiat mollitia aspernatur ut in. Consectetur est eius nam itaque. Aliquid itaque odio sit magni. Sed accusantium nam quam aliquam molestiae.',3,'2020-04-18 07:51:11','2020-04-18 07:51:11'),
	(46,37,'Miss Adriana Cummings','Totam doloremque placeat molestiae tempora. Quisquam eveniet impedit consequatur aut unde voluptatem quae. Iste consequatur eum voluptatem maiores sapiente rerum sint. Ea perferendis eius ipsam aliquid omnis.',4,'2020-04-18 07:51:11','2020-04-18 07:51:11'),
	(47,26,'Stanton Treutel','Molestias alias laborum expedita aut neque sint iusto eum. Quia similique minima omnis omnis ipsam est sit non. Cumque exercitationem minima ad esse. Alias accusamus omnis impedit autem inventore accusantium voluptatem.',3,'2020-04-18 07:51:11','2020-04-18 07:51:11'),
	(48,37,'Virginia Hammes','Possimus maxime qui unde sit eum facere est. Modi et ducimus expedita dolore accusantium est. Modi voluptatem atque commodi accusamus sint asperiores nostrum. Et rerum consequuntur iste ipsa.',2,'2020-04-18 07:51:11','2020-04-18 07:51:11'),
	(49,26,'Rashad Heaney DDS','Odit aperiam hic soluta aperiam eum sint. Autem velit sit nobis libero aut magnam. Et voluptatem enim unde error consequatur totam doloribus. Sit tempora dignissimos exercitationem veritatis nam nulla delectus facilis. Omnis doloribus minima vel facilis.',4,'2020-04-18 07:51:11','2020-04-18 07:51:11'),
	(50,25,'Mr. Kyle Hand MD','Autem nihil est quia tempore praesentium qui. Est aut veniam voluptatum omnis inventore quo laudantium. Nesciunt error quaerat soluta magni. In rerum autem eum dignissimos soluta corporis vero.',4,'2020-04-18 07:51:11','2020-04-18 07:51:11'),
	(51,31,'Ms. Breanna Sawayn','Accusantium voluptatem consequatur repudiandae autem ratione. Quis ab dolor mollitia quidem atque nihil est. Maiores commodi rerum fuga autem quod.',2,'2020-04-18 07:51:11','2020-04-18 07:51:11'),
	(52,28,'Kaylie Yost','Quam enim quo labore odio. Laboriosam aut possimus amet praesentium. Est pariatur eum et aut. Perferendis voluptas dignissimos sed.',1,'2020-04-18 07:51:11','2020-04-18 07:51:11'),
	(53,4,'Dejon Kohler II','Vitae nostrum aut nisi totam quod. Ducimus ipsum nostrum ut ipsam odit possimus ipsum ut. Inventore aspernatur quia magni consequatur. Sit molestias laboriosam non est quia voluptas.',1,'2020-04-18 07:51:11','2020-04-18 07:51:11'),
	(54,37,'Creola Padberg','Ducimus doloremque et cum deserunt. Quia iste sint nulla dolorem commodi cupiditate ab architecto. Asperiores et et porro. Aliquid assumenda autem ducimus aut.',4,'2020-04-18 07:51:11','2020-04-18 07:51:11'),
	(55,6,'Ross O\'Hara','Voluptatem recusandae ullam id non est enim. Sapiente earum sed dolorem. Cum libero id asperiores esse vitae. Ut officiis tenetur placeat veritatis culpa ipsa qui.',5,'2020-04-18 07:51:11','2020-04-18 07:51:11'),
	(56,2,'Daisha Ferry','Possimus aut quisquam sit omnis ut est aut quam. Quidem voluptates expedita officiis inventore ipsum. Minus accusantium quo voluptatibus necessitatibus quia quidem.',4,'2020-04-18 07:51:11','2020-04-18 07:51:11'),
	(57,11,'Mr. Newton Walter','Laborum quis ipsum eveniet a excepturi magnam laboriosam. Fugiat fuga totam sit voluptas magnam. Omnis consequatur quia accusantium voluptatibus iste dolorem consequuntur.',2,'2020-04-18 07:51:11','2020-04-18 07:51:11'),
	(58,15,'Ara Rempel','Repellendus fugiat earum iste deleniti laborum. Cupiditate incidunt saepe fuga doloremque qui occaecati. Eum enim nihil et consectetur non corporis. Dolorum atque sapiente et.',4,'2020-04-18 07:51:11','2020-04-18 07:51:11'),
	(59,10,'Nikita Kertzmann Jr.','Deleniti voluptate rerum sapiente sapiente eum architecto. Cumque quia recusandae tenetur inventore assumenda exercitationem dolores. Quibusdam nulla perferendis deleniti et.',3,'2020-04-18 07:51:11','2020-04-18 07:51:11'),
	(60,30,'Prof. Delmer Green','Nemo incidunt expedita quam ipsam eaque incidunt explicabo. Accusantium qui aut mollitia sit facilis cumque. Porro vitae at aliquid minus dolores quidem ullam.',2,'2020-04-18 07:51:11','2020-04-18 07:51:11'),
	(61,12,'Paige Waelchi','Id et laborum delectus autem aut iusto voluptatem excepturi. Iusto harum hic aut nesciunt vero placeat. Accusantium molestiae nihil officia assumenda architecto perferendis ut. Temporibus non itaque explicabo velit.',4,'2020-04-18 07:51:11','2020-04-18 07:51:11'),
	(62,40,'Dr. Percy Mante MD','Vel et aliquid voluptatum aut. Fugiat fugit omnis voluptatem harum. Illum iste mollitia harum. Ex vitae dicta corrupti ea.',2,'2020-04-18 07:51:11','2020-04-18 07:51:11'),
	(63,8,'Prof. Gayle Price IV','Illo aperiam facilis sint quia omnis minus. Et voluptas quia nisi tenetur. Qui et soluta totam.',4,'2020-04-18 07:51:11','2020-04-18 07:51:11'),
	(64,21,'George Rempel','Enim tenetur nulla numquam beatae mollitia. Cumque et eos qui aut omnis tempore.',4,'2020-04-18 07:51:11','2020-04-18 07:51:11'),
	(65,50,'Nicholas Feest','Autem maiores vitae ut. Accusantium consectetur eos eius possimus beatae. Odit deleniti doloremque maxime velit sed expedita officia. Aut distinctio quibusdam sunt impedit dolorum odit sapiente iusto.',4,'2020-04-18 07:51:11','2020-04-18 07:51:11'),
	(66,6,'Branson Witting','Corrupti aut debitis aut illum nisi aliquam. Repellat voluptatibus provident quos id pariatur aut. Velit et in sit aut non. Vel tempora quibusdam vitae et magni beatae.',3,'2020-04-18 07:51:11','2020-04-18 07:51:11'),
	(67,45,'Shaun Bergstrom','Esse saepe et praesentium perferendis quia. Hic aliquam facilis aperiam corporis. Quisquam totam sit ducimus amet ab.',2,'2020-04-18 07:51:11','2020-04-18 07:51:11'),
	(68,33,'Dr. Adolf Gutmann Jr.','Animi quidem voluptatem dolores saepe. Molestiae delectus dignissimos harum quia aspernatur quod. Et quaerat quia iusto facere et rerum.',3,'2020-04-18 07:51:11','2020-04-18 07:51:11'),
	(69,27,'Haskell Rosenbaum V','Aspernatur qui ipsa dolorum esse modi. Molestias corrupti sed debitis voluptas. Quam veritatis blanditiis quo et consequatur.',1,'2020-04-18 07:51:11','2020-04-18 07:51:11'),
	(70,23,'Cali Jenkins','Officiis velit incidunt nulla alias odio eum culpa. Cumque molestias a dolor quis illo et. Id nulla et iusto dolor laboriosam necessitatibus assumenda sed. Tempora magni ut sapiente ut.',5,'2020-04-18 07:51:11','2020-04-18 07:51:11'),
	(71,37,'Prof. Joshua Hettinger DVM','Alias aut saepe perspiciatis perspiciatis dignissimos excepturi enim quia. Qui qui ratione quam est quas dolorum cupiditate. At qui nihil explicabo accusamus et. Aperiam delectus quis vero est. Voluptatem quam dolore soluta aliquid quis.',3,'2020-04-18 07:51:11','2020-04-18 07:51:11'),
	(72,4,'Mr. Oliver McClure Sr.','Cum autem delectus ut consequatur dolor assumenda et. Saepe in nihil eius esse quasi quia omnis. Sit esse occaecati rerum enim. Beatae nihil sunt quia voluptate.',1,'2020-04-18 07:51:11','2020-04-18 07:51:11'),
	(73,7,'Orion Jakubowski','Molestiae et labore alias magnam possimus. Deleniti assumenda eos eos totam. Quod sunt et ut voluptas assumenda ut nesciunt.',1,'2020-04-18 07:51:11','2020-04-18 07:51:11'),
	(74,45,'Stevie West','Corrupti omnis vel cum similique officia. Facere quasi voluptatem soluta aut et cumque et qui. Quod architecto itaque enim in voluptate ullam. Ut modi reiciendis id molestias voluptates sunt soluta.',1,'2020-04-18 07:51:11','2020-04-18 07:51:11'),
	(75,25,'Rubie Ernser','Quia id ad necessitatibus perspiciatis illum. Illum neque aut ea.',3,'2020-04-18 07:51:11','2020-04-18 07:51:11'),
	(76,37,'Mr. Deion Purdy','Repellendus ipsam quia quae non et dicta veritatis. Fuga similique mollitia quo vel. Quo aut ut nisi aperiam qui veniam aut. Itaque asperiores ipsam at hic voluptatem. Quia autem nostrum quia repellat laboriosam qui.',4,'2020-04-18 07:51:11','2020-04-18 07:51:11'),
	(77,33,'Lauriane Okuneva','Ut illo quae deserunt eum magni aspernatur omnis. Cupiditate consequatur consequatur tempora omnis molestiae qui. Animi enim soluta et voluptatem esse dicta.',1,'2020-04-18 07:51:11','2020-04-18 07:51:11'),
	(78,40,'Drake McCullough Jr.','Odit et consequuntur natus eius aut. Excepturi veritatis quia libero ut iusto quaerat. Provident totam voluptatum enim consequatur dignissimos. Facere beatae laborum fugiat rerum cum eaque earum.',3,'2020-04-18 07:51:11','2020-04-18 07:51:11'),
	(79,20,'Ms. Filomena Bernhard','Sapiente sit modi qui soluta voluptatem. Quas earum eum ad et assumenda et adipisci deserunt. Eaque harum non ut fuga ea totam.',5,'2020-04-18 07:51:11','2020-04-18 07:51:11'),
	(80,36,'Stephen Vandervort','Quia sed id assumenda nostrum iusto natus. Corrupti totam sapiente architecto provident excepturi non. Eos quia doloribus illum laudantium ab cupiditate optio.',3,'2020-04-18 07:51:11','2020-04-18 07:51:11'),
	(81,1,'Dudley Bartoletti','Numquam nemo facere a et porro nihil. Et quibusdam dignissimos voluptatem ut accusamus nihil nesciunt. Nihil dolorum ut cumque magni similique eum omnis. Iusto nulla iure quidem corporis et.',5,'2020-04-18 07:51:11','2020-04-18 07:51:11'),
	(82,41,'Syble Yost','Ea est blanditiis voluptas molestiae ipsam aut. Quae vel eligendi eaque eius similique distinctio nisi ex. Qui voluptate ea quod debitis.',1,'2020-04-18 07:51:11','2020-04-18 07:51:11'),
	(83,38,'Lila Morissette','Eos voluptatem ea modi porro. Et dignissimos non porro ut consequatur quaerat debitis. Voluptates rerum itaque maxime et. Rem enim ullam eaque molestiae alias iure numquam qui.',3,'2020-04-18 07:51:11','2020-04-18 07:51:11'),
	(84,7,'Isaias Raynor','Saepe saepe molestiae dolores mollitia molestiae in. Possimus ut quia qui provident accusantium dolorem ut. Quis voluptas provident at ab est voluptate est quibusdam.',5,'2020-04-18 07:51:11','2020-04-18 07:51:11'),
	(85,40,'Prof. Gail Collier MD','Eum perspiciatis error nam voluptas sunt blanditiis. Beatae esse voluptatem error itaque tenetur quam. Sed quo suscipit sed nam expedita laboriosam natus.',4,'2020-04-18 07:51:11','2020-04-18 07:51:11'),
	(86,32,'Prof. Zella Roberts V','Odio in ducimus non quibusdam. Et tempore doloremque voluptas maiores velit doloribus. Commodi impedit aspernatur recusandae explicabo maxime quae modi. Impedit vero totam molestias nam culpa id ab.',2,'2020-04-18 07:51:11','2020-04-18 07:51:11'),
	(87,22,'Dr. Kirsten Morissette','Molestiae voluptatem adipisci error consequatur. Quibusdam officia placeat ea voluptas. Sunt recusandae qui quia quia tempora atque. Quod facere optio cum cum molestiae esse.',2,'2020-04-18 07:51:11','2020-04-18 07:51:11'),
	(88,20,'Mina Frami III','Explicabo hic in qui vel dolorem magnam et. Maiores at debitis officiis sit placeat in exercitationem quisquam. At provident quo ea asperiores magnam esse. Est rerum vero officia repellat occaecati aperiam ut.',1,'2020-04-18 07:51:11','2020-04-18 07:51:11'),
	(89,26,'Hiram Bergstrom','Dolor nihil et cum consequatur quod blanditiis et. Quos et tenetur nihil harum et. Odit consequatur nobis corporis quod assumenda quia repellendus eveniet. Sunt quod qui debitis ut ipsam.',2,'2020-04-18 07:51:11','2020-04-18 07:51:11'),
	(90,26,'Prof. Oren Boyer','Inventore dolorum eos officia et quasi ut. Laboriosam iste rerum perspiciatis ut. Cumque aut quia dolor cumque voluptas excepturi qui.',4,'2020-04-18 07:51:11','2020-04-18 07:51:11'),
	(91,11,'Estevan Gulgowski','Repellat hic id velit. Temporibus repellat vitae aperiam officiis reiciendis. Omnis animi est et ab perspiciatis nulla vel. Enim quia perferendis id dolorem ab vel repellat.',5,'2020-04-18 07:51:11','2020-04-18 07:51:11'),
	(92,37,'Leonora Crist','Et rerum ipsum qui quis atque possimus iusto. Necessitatibus rerum qui assumenda. Soluta aliquam delectus et assumenda sed. Eius nemo nobis autem et in blanditiis.',5,'2020-04-18 07:51:11','2020-04-18 07:51:11'),
	(93,19,'General Herzog','Veniam ipsam voluptas veritatis occaecati magnam dolorem ab. Iusto est ea sit. Nihil voluptate dolorum aut voluptatibus reprehenderit hic consectetur.',1,'2020-04-18 07:51:11','2020-04-18 07:51:11'),
	(94,23,'Mr. Dameon Corkery MD','Exercitationem sint beatae iusto magni dolores. Nulla asperiores ea quae et.',2,'2020-04-18 07:51:11','2020-04-18 07:51:11'),
	(95,40,'Mr. Erling Cummings PhD','Sunt dolore dolor et nisi at voluptatibus illo. Nesciunt vel consequuntur delectus reiciendis culpa aut est cum. Quo nihil occaecati fugiat. Sit exercitationem impedit autem aliquid qui non sit.',5,'2020-04-18 07:51:11','2020-04-18 07:51:11'),
	(96,43,'Mara Kilback PhD','Qui quidem ullam amet ut rerum a temporibus. Et id nesciunt accusamus quibusdam. Unde animi delectus sunt assumenda rerum rerum ullam beatae. Rerum voluptates quasi alias ut neque.',2,'2020-04-18 07:51:11','2020-04-18 07:51:11'),
	(97,19,'Pat Funk I','Sit reprehenderit quaerat minus veniam. Inventore ut a molestias nihil autem. Vel exercitationem est exercitationem suscipit.',1,'2020-04-18 07:51:11','2020-04-18 07:51:11'),
	(98,14,'Abel Mitchell','Dolor earum enim amet soluta ipsum ea deserunt. Non labore quas ut sint. Alias exercitationem placeat ducimus quibusdam rerum. Dolores consequatur omnis aspernatur deleniti dignissimos.',5,'2020-04-18 07:51:11','2020-04-18 07:51:11'),
	(99,48,'Lafayette Hayes','Repellendus id est similique quisquam ut deleniti. Sit est occaecati ea et illo iure placeat. Sit ullam veniam suscipit modi.',4,'2020-04-18 07:51:11','2020-04-18 07:51:11'),
	(100,29,'Deborah Streich','Veniam aut veritatis magni consequatur aliquam dolorum et. Modi beatae omnis nam repudiandae laudantium sed vero iste. Cum doloribus id voluptas rerum.',5,'2020-04-18 07:51:11','2020-04-18 07:51:11'),
	(101,40,'Keshawn Walter','Cum quae suscipit reprehenderit optio non sunt. Quis esse qui autem atque omnis veniam placeat. Est praesentium quis ut assumenda.',2,'2020-04-18 07:51:11','2020-04-18 07:51:11'),
	(102,49,'Freeman Trantow','Quo aliquam itaque cumque facere eligendi ex consectetur. Dignissimos aliquid dolor quisquam vero veritatis. Odit perferendis minima et.',3,'2020-04-18 07:51:11','2020-04-18 07:51:11'),
	(103,45,'Kassandra Johns','Ut aperiam similique et quia excepturi qui perspiciatis. Odio magnam maxime voluptas voluptatum repellendus iusto. Voluptas quia enim excepturi maiores. Voluptatum omnis non veniam incidunt est. Atque qui maiores rem est.',2,'2020-04-18 07:51:11','2020-04-18 07:51:11'),
	(104,14,'Robbie Baumbach','Odio doloribus ut sunt aut omnis. Alias porro ab facilis eum at voluptates. Aut quae sequi reprehenderit exercitationem repellat. Est sit doloremque in necessitatibus suscipit autem eum.',4,'2020-04-18 07:51:11','2020-04-18 07:51:11'),
	(105,47,'Elijah Buckridge','Natus quod reprehenderit nesciunt quae explicabo. Quis aut illo impedit culpa rem esse sit. Tempore suscipit rerum beatae in. Voluptatem similique voluptatem eos est est porro rem distinctio.',4,'2020-04-18 07:51:11','2020-04-18 07:51:11'),
	(106,24,'Walter Hayes V','Non delectus vel molestias. Iusto aut mollitia veniam sit qui tempore. Voluptate vero molestias sed culpa est. Ducimus tempora necessitatibus et doloribus sapiente suscipit.',4,'2020-04-18 07:51:11','2020-04-18 07:51:11'),
	(107,17,'Rosalinda Medhurst I','Omnis asperiores tempore tempore veritatis necessitatibus ea. Maxime facilis delectus repellendus deleniti distinctio. Sit cumque illum sit explicabo et. Et sit facere repudiandae ut vel aut sit.',2,'2020-04-18 07:51:11','2020-04-18 07:51:11'),
	(108,19,'Arne Lehner','Ullam odit nobis similique. Ea assumenda dolorem tempora quo nihil ipsam ipsum.',3,'2020-04-18 07:51:11','2020-04-18 07:51:11'),
	(109,22,'Kaitlyn Zboncak','Ducimus fugit molestiae sunt nemo. Voluptates eveniet provident ipsum quas ipsa. Quia quos laboriosam quisquam reprehenderit.',2,'2020-04-18 07:51:11','2020-04-18 07:51:11'),
	(110,17,'Martine Cormier','Corrupti nostrum eum odio et. Pariatur et nisi sed.',5,'2020-04-18 07:51:11','2020-04-18 07:51:11'),
	(111,48,'Osbaldo Ledner','Deserunt culpa odio quos consequatur incidunt ipsam asperiores soluta. Ex nulla ut praesentium. Itaque natus illum totam animi provident et quo. Veritatis est consequatur sunt est sed ea asperiores. Architecto sit enim eaque ex iusto atque velit.',2,'2020-04-18 07:51:11','2020-04-18 07:51:11'),
	(112,29,'Jameson Hahn','Ut eum libero tempore est. Et sed voluptas eaque maiores. Et iste quo dolores animi excepturi consequatur voluptatem. Consequatur praesentium qui exercitationem recusandae id.',3,'2020-04-18 07:51:11','2020-04-18 07:51:11'),
	(113,27,'Merle Wehner Sr.','Inventore minus non incidunt dicta. Ratione dolores illo dolorem sequi suscipit. In veritatis nulla asperiores non mollitia mollitia veritatis. Quo quasi cumque nemo at beatae animi ipsa quia.',1,'2020-04-18 07:51:11','2020-04-18 07:51:11'),
	(114,37,'Dr. Lou Carter','Ut excepturi cum nisi eligendi mollitia alias quia. Quod est deserunt voluptatem blanditiis nesciunt minima aut.',4,'2020-04-18 07:51:11','2020-04-18 07:51:11'),
	(115,14,'Dr. Arvid Carroll III','Tempora laborum quam saepe pariatur vitae. Voluptatem aspernatur accusamus non sint minima ipsum. Sint sed earum praesentium molestiae. Harum enim dolor consequuntur praesentium velit.',5,'2020-04-18 07:51:11','2020-04-18 07:51:11'),
	(116,8,'Kennith Cremin','Tenetur sequi quos laboriosam temporibus. Quod labore quia sequi nihil et. Accusamus non minus voluptas velit excepturi commodi.',1,'2020-04-18 07:51:11','2020-04-18 07:51:11'),
	(117,18,'Karelle Hirthe','Qui blanditiis officia vitae quasi. Iure qui ipsam suscipit temporibus. Dicta aliquam incidunt assumenda magnam reiciendis. Maxime cupiditate eos aut distinctio. Nihil quia praesentium repellat quo dolorem ea non.',2,'2020-04-18 07:51:11','2020-04-18 07:51:11'),
	(118,48,'Stephany Friesen','Architecto doloribus nemo omnis numquam voluptatum odio dolore. Doloribus qui at commodi non pariatur eius. Beatae molestiae consectetur magnam.',3,'2020-04-18 07:51:11','2020-04-18 07:51:11'),
	(119,47,'Hobart Doyle','Autem vitae qui alias. Corrupti occaecati et et eum. A facere sit aliquam quia.',1,'2020-04-18 07:51:11','2020-04-18 07:51:11'),
	(120,27,'Mr. Bill Deckow','Voluptate voluptatum et qui quia et aut. Ut optio quia ut occaecati quo voluptas. Asperiores consequatur eos quo incidunt accusamus. Voluptatem doloribus neque laboriosam minima.',3,'2020-04-18 07:51:11','2020-04-18 07:51:11'),
	(121,50,'Hazel Hills','Nihil voluptate maiores qui repellendus facilis molestiae minus nulla. Aut dolorem sint quaerat tempore et quia pariatur. Et omnis est quia optio quisquam deleniti corrupti debitis.',1,'2020-04-18 07:51:11','2020-04-18 07:51:11'),
	(122,1,'Prof. Alexzander Bradtke','Cumque velit et quae repudiandae. Veniam ut fuga natus consectetur id quis.',2,'2020-04-18 07:51:11','2020-04-18 07:51:11'),
	(123,45,'Consuelo Auer','Sed at magni dolor dolor. Nostrum facere provident ut eaque et. Vitae eos rerum quibusdam magnam eum temporibus in corporis. Iusto odio commodi consequuntur quidem quia et sit.',5,'2020-04-18 07:51:11','2020-04-18 07:51:11'),
	(124,19,'Khalid Morar','Itaque illum laborum ea consequatur maiores accusamus ipsa. Ea eaque soluta quia eligendi et cum et. Aut minus ullam libero laboriosam.',5,'2020-04-18 07:51:11','2020-04-18 07:51:11'),
	(125,34,'Dr. Lyric Greenfelder','Voluptatem earum culpa quam natus molestias sapiente. Alias necessitatibus et dolores unde. Placeat voluptatem dignissimos cum animi.',4,'2020-04-18 07:51:11','2020-04-18 07:51:11'),
	(126,21,'Electa Morar','Molestias porro magnam voluptatum consequatur laudantium tempore. Et maiores labore magnam voluptatibus illum. Consequatur eos quia ab asperiores odit. Provident aliquid quod atque libero.',1,'2020-04-18 07:51:11','2020-04-18 07:51:11'),
	(127,38,'Dr. Lyla Monahan IV','Praesentium modi quis eius eveniet quo odit architecto. Magnam accusantium perferendis sint in perferendis dignissimos. Temporibus voluptatem eum nostrum similique voluptas totam et dolores. Sint sapiente culpa aut similique qui sequi.',4,'2020-04-18 07:51:11','2020-04-18 07:51:11'),
	(128,44,'Yasmin Waters','Aliquid voluptates aliquam dolore officiis nostrum possimus. Maiores cum quae ea molestias distinctio autem unde ad. Dolor ut non aliquid voluptatem. Adipisci sunt earum ut exercitationem nihil iusto.',3,'2020-04-18 07:51:11','2020-04-18 07:51:11'),
	(129,45,'Jarret Auer PhD','Excepturi perferendis consequatur quidem vel. Nulla tempore doloremque eum facere voluptatem aut. Sit animi omnis quia dolore animi. Animi necessitatibus laborum accusantium.',5,'2020-04-18 07:51:11','2020-04-18 07:51:11'),
	(130,15,'Lucinda Schoen','Voluptatem sed aliquid voluptas est esse eius. Tempora perspiciatis sed et eligendi eaque sunt nihil. Repellendus eveniet sequi soluta libero voluptate in. Perferendis omnis eligendi recusandae adipisci a quia aut. Placeat qui dolor labore eligendi ea vel.',3,'2020-04-18 07:51:11','2020-04-18 07:51:11'),
	(131,21,'Ms. Dawn Howe MD','Deserunt ad unde beatae eius. Aliquam fuga saepe adipisci molestiae vel rerum autem.',3,'2020-04-18 07:51:11','2020-04-18 07:51:11'),
	(132,32,'Dr. Madisyn Osinski','Et numquam sunt possimus voluptas aliquid. Corrupti ut amet laborum velit necessitatibus. Mollitia temporibus commodi iste doloribus provident laboriosam. Qui ullam et dolores cum dolorem.',3,'2020-04-18 07:51:11','2020-04-18 07:51:11'),
	(133,9,'Clark Hessel','Vitae eaque aut accusamus voluptatem quia voluptas. Qui non exercitationem placeat et debitis ut. Ab ipsum sit sit. Hic rerum quasi deserunt et voluptates et. Debitis qui eius dolores.',5,'2020-04-18 07:51:11','2020-04-18 07:51:11'),
	(134,42,'Lavern McCullough','Totam ea ut ratione aut atque assumenda ad. Eius non nihil nihil exercitationem consequuntur. Maxime dolor quo iste aut. Eius quia id tempore dignissimos accusantium laudantium fugit. Saepe enim velit aspernatur exercitationem possimus incidunt animi quisquam.',5,'2020-04-18 07:51:11','2020-04-18 07:51:11'),
	(135,43,'Troy Stiedemann IV','Tempore sint facilis dolor porro neque consectetur adipisci. Maiores ipsam repellendus qui qui vel neque. Dolorum nihil voluptatem voluptate quasi eius facere eum.',2,'2020-04-18 07:51:11','2020-04-18 07:51:11'),
	(136,14,'Terrance Ritchie MD','Quibusdam culpa consectetur quisquam possimus tenetur rerum recusandae delectus. Inventore explicabo sed omnis quia libero eum. Perspiciatis corrupti delectus quis quaerat veritatis dolores expedita voluptatibus. Fuga maxime beatae enim in dolorum et nesciunt.',5,'2020-04-18 07:51:11','2020-04-18 07:51:11'),
	(137,32,'Dr. Stone Steuber III','Modi odio iste ea consequatur architecto accusamus temporibus voluptate. Minima explicabo beatae asperiores velit sed mollitia nobis. Ut animi et distinctio temporibus aut sequi. Ratione consequatur iusto soluta aut quia et.',5,'2020-04-18 07:51:11','2020-04-18 07:51:11'),
	(138,43,'Dr. Sanford Hessel','Dolorem animi occaecati hic sint. Impedit suscipit est recusandae dolor ad sunt. Quaerat corporis est quis incidunt ipsam quam enim quod. Minus eligendi voluptas asperiores odio suscipit.',5,'2020-04-18 07:51:11','2020-04-18 07:51:11'),
	(139,11,'Mervin Cremin','Animi numquam blanditiis ipsa libero. Recusandae sed dolore molestiae ea. Voluptatem iusto ut tempore vel voluptates dolorum. Nostrum et numquam quas neque non.',3,'2020-04-18 07:51:11','2020-04-18 07:51:11'),
	(140,18,'Mr. Harry Maggio DDS','Rerum quod magni et doloremque voluptas quibusdam et veniam. Quae omnis veritatis iure nobis autem modi dicta. Explicabo est aut similique non qui. Quis in rem a est rerum omnis.',4,'2020-04-18 07:51:11','2020-04-18 07:51:11'),
	(141,34,'Ms. Ciara Roob MD','Veniam quos voluptates dolor quia incidunt. Optio animi quibusdam sed officiis neque ea impedit non. Assumenda veritatis animi placeat id. Maiores dolores deserunt et voluptatem vitae maxime.',2,'2020-04-18 07:51:11','2020-04-18 07:51:11'),
	(142,20,'Mr. Golden Schimmel II','Occaecati sequi minus doloribus architecto voluptatem aliquid. Dolores magni aut et asperiores dolor. Odio deserunt doloribus quis sint reprehenderit. Nostrum ut alias fugiat.',3,'2020-04-18 07:51:11','2020-04-18 07:51:11'),
	(143,3,'Mrs. Anna Spinka','Laboriosam est asperiores hic esse voluptate et sint consectetur. Labore velit neque reiciendis. Dolore doloribus molestiae non nobis aut. Iusto rerum iste porro sed saepe iusto.',2,'2020-04-18 07:51:11','2020-04-18 07:51:11'),
	(144,21,'Sterling Kassulke','Omnis quidem accusantium aut qui magni recusandae vitae. Id sit aut voluptatem esse. Quis et officiis est accusamus veniam architecto qui.',2,'2020-04-18 07:51:11','2020-04-18 07:51:11'),
	(145,15,'Caitlyn Stiedemann','Quibusdam modi quae eius autem qui dignissimos. Nam eius qui qui. Laborum ut et dignissimos veniam impedit.',4,'2020-04-18 07:51:11','2020-04-18 07:51:11'),
	(146,42,'Gianni Vandervort','Velit eligendi aut nihil vitae et voluptatem nobis. Necessitatibus et deleniti vitae in consequuntur. Est recusandae assumenda facere in expedita dolore.',3,'2020-04-18 07:51:11','2020-04-18 07:51:11'),
	(147,1,'Cortez Predovic','Et asperiores sunt molestias nemo. Asperiores et est non nesciunt beatae accusamus consectetur ut. Dolor sint amet quia quam iste dignissimos quis. Consectetur maxime illum ratione reiciendis.',4,'2020-04-18 07:51:11','2020-04-18 07:51:11'),
	(148,30,'Bernardo Boyle','Accusantium sed maxime ex voluptatem non in. Totam officiis culpa illo voluptatem magnam. Quo sunt provident et nam.',5,'2020-04-18 07:51:11','2020-04-18 07:51:11'),
	(149,36,'Nicolette Keeling Sr.','Quod quam ratione voluptate nulla molestias. Et cum amet quaerat iure. Ratione dolor unde vel voluptas ullam id. Suscipit reiciendis autem corrupti dolore voluptas. Inventore placeat dolor aliquid non minus eum.',1,'2020-04-18 07:51:11','2020-04-18 07:51:11'),
	(150,33,'Prof. Heber Maggio','Et et maxime et consequatur asperiores. Sit corrupti accusamus qui et dolor repellendus. Aut aperiam pariatur vel autem eum.',4,'2020-04-18 07:51:11','2020-04-18 07:51:11'),
	(151,20,'Daren Muller','Eum eveniet aut excepturi natus at. Ipsum id necessitatibus accusantium minima dignissimos harum consectetur. Mollitia magnam aut placeat tempora aut repellat cupiditate.',1,'2020-04-18 07:51:11','2020-04-18 07:51:11'),
	(152,43,'Louie Batz','Asperiores quis mollitia exercitationem maxime. Neque ipsum nobis quis. Aspernatur rerum ratione fugiat et omnis commodi dignissimos.',5,'2020-04-18 07:51:11','2020-04-18 07:51:11'),
	(153,39,'Assunta Baumbach','Nulla et totam corrupti et odit. Qui et magnam sit eum sit inventore quas vel. Voluptatibus odio quia quae magni consectetur incidunt. Sit nam maxime aliquid qui. Est illo quis suscipit omnis ea.',2,'2020-04-18 07:51:11','2020-04-18 07:51:11'),
	(154,47,'Dion Sauer','Nihil ratione sed explicabo autem. At perferendis exercitationem et sit quam nostrum. Eligendi ad temporibus dolore expedita asperiores. Sint ea neque quo quo dolor voluptas.',3,'2020-04-18 07:51:11','2020-04-18 07:51:11'),
	(155,32,'Brianne Mraz','Distinctio blanditiis aut rerum ut reiciendis. Aut quia velit adipisci itaque officia numquam ut. Ducimus laboriosam aut qui. Adipisci laboriosam consequatur aliquam occaecati tempora quos.',5,'2020-04-18 07:51:11','2020-04-18 07:51:11'),
	(156,8,'Laurel Gibson IV','Aperiam qui recusandae dicta eos reiciendis nihil. Voluptas quia officia quos explicabo dolorum incidunt earum non.',1,'2020-04-18 07:51:11','2020-04-18 07:51:11'),
	(157,50,'Oswaldo Olson','Ullam et reiciendis vel quam eum. Tenetur sapiente est rerum ullam porro ab harum. Blanditiis numquam quis adipisci voluptates est dolorum. Est iusto numquam veritatis hic ea sit suscipit.',2,'2020-04-18 07:51:11','2020-04-18 07:51:11'),
	(158,11,'Allene Hauck','Molestiae consequatur dolorum dolore doloremque ducimus deleniti veniam. Aut vel sit odio blanditiis deleniti. Et adipisci eius neque nobis libero.',2,'2020-04-18 07:51:11','2020-04-18 07:51:11'),
	(159,6,'Paolo VonRueden','Similique voluptate nostrum itaque culpa sit. Hic quia voluptatem ut vel sed. Exercitationem possimus sit ipsam libero et. Eaque dolorem laboriosam facere.',4,'2020-04-18 07:51:11','2020-04-18 07:51:11'),
	(160,44,'Charlotte Adams','Non necessitatibus earum aut voluptatem non architecto rerum. Minima similique quisquam ut nisi. Quam et consectetur voluptatem autem ea ea exercitationem. Reprehenderit nulla aut voluptatem quis.',2,'2020-04-18 07:51:11','2020-04-18 07:51:11'),
	(161,28,'Prof. Miles Gleichner','Quo et voluptate blanditiis ipsum omnis. Sed totam ipsam nisi necessitatibus a atque. Cumque excepturi nesciunt quo reprehenderit et.',4,'2020-04-18 07:51:11','2020-04-18 07:51:11'),
	(162,19,'Freddie D\'Amore Jr.','Omnis eaque iusto maxime qui. Saepe dolorem ipsam ea in iste quibusdam et. Qui omnis dolor sit nobis repellendus magnam aperiam.',4,'2020-04-18 07:51:11','2020-04-18 07:51:11'),
	(163,9,'Mossie Hamill','Vel in neque voluptas enim quisquam est aliquid. Odio dolor autem aut sit voluptatum. Id sit nam et voluptates.',4,'2020-04-18 07:51:11','2020-04-18 07:51:11'),
	(164,33,'Benedict Bradtke','Aut non cumque rem aliquam voluptas fuga labore. Architecto est quibusdam nisi dolore iusto quam.',4,'2020-04-18 07:51:11','2020-04-18 07:51:11'),
	(165,31,'Evelyn Langworth','Ipsa amet similique similique eaque dicta excepturi. Consequatur temporibus eos aut laudantium. Mollitia et vitae ullam minus ea repellat qui.',5,'2020-04-18 07:51:11','2020-04-18 07:51:11'),
	(166,1,'Muriel Lemke','Eum minima minima possimus. Ea qui eaque omnis sit. Minima aliquid incidunt deleniti recusandae recusandae est asperiores.',2,'2020-04-18 07:51:11','2020-04-18 07:51:11'),
	(167,40,'Karl Treutel III','Molestiae aut debitis id temporibus dignissimos quia dolor. Quos incidunt quasi aut qui et natus sapiente. Illo quae sint et aliquam magnam. Itaque eveniet deserunt consequatur non.',4,'2020-04-18 07:51:11','2020-04-18 07:51:11'),
	(168,6,'Pinkie Hirthe Jr.','Recusandae aut sit iure sunt qui qui et. Consequatur corrupti ut quia iusto. Hic et dolor hic deserunt reprehenderit dolore.',2,'2020-04-18 07:51:11','2020-04-18 07:51:11'),
	(169,47,'Edwina Reynolds','Excepturi laborum vel quo natus sed illo. Repellat cumque consectetur eius. Alias fugiat quia atque quia eos.',5,'2020-04-18 07:51:11','2020-04-18 07:51:11'),
	(170,21,'Mrs. Cindy Rath','Velit quidem nostrum sint qui voluptas. Tenetur doloribus ratione excepturi impedit blanditiis autem nisi. Et ad eligendi corporis est ipsum.',3,'2020-04-18 07:51:11','2020-04-18 07:51:11'),
	(171,50,'Prof. Ilene Klein','Ipsa ut officiis corporis officiis. Non nulla officiis provident nesciunt sit consectetur. Omnis quia voluptas nesciunt minima qui ab. Necessitatibus necessitatibus dignissimos recusandae esse.',4,'2020-04-18 07:51:11','2020-04-18 07:51:11'),
	(172,33,'Telly Connelly','Modi animi in laudantium eos. Est amet voluptates et nobis. Earum in ratione aperiam fuga et. Autem facere molestias aut non est debitis iste.',5,'2020-04-18 07:51:11','2020-04-18 07:51:11'),
	(173,7,'Kaitlyn Runte II','Ut fugit sit numquam laborum error porro quia. Exercitationem tempora deserunt autem similique impedit id harum. Dolorum sequi a qui quia beatae. Cupiditate adipisci molestiae sapiente.',5,'2020-04-18 07:51:11','2020-04-18 07:51:11'),
	(174,24,'Harry Parisian','Quas unde nostrum consequuntur sit aut. Soluta minima nisi quidem consequuntur dolores modi nostrum doloremque. Cum nemo molestiae repudiandae nemo vel. Recusandae debitis qui numquam facere quisquam et nesciunt vero.',5,'2020-04-18 07:51:11','2020-04-18 07:51:11'),
	(175,19,'Miss Zoe Kuhlman DDS','Non qui vel ad debitis. Alias et perferendis harum omnis consectetur quo. Veniam quod excepturi debitis.',2,'2020-04-18 07:51:11','2020-04-18 07:51:11'),
	(176,37,'Mr. Nicholas Balistreri I','Assumenda aperiam nemo sunt ab sit. Reprehenderit voluptatem neque consequatur vel cumque laborum. Assumenda nisi nihil distinctio illum. Sed sint aut provident recusandae ut sit.',3,'2020-04-18 07:51:11','2020-04-18 07:51:11'),
	(177,50,'Roma Stamm','Necessitatibus sunt et nostrum fuga earum magni. Distinctio inventore alias id provident est. Hic et sed facilis in cum. Id rerum impedit est fuga fugiat.',1,'2020-04-18 07:51:11','2020-04-18 07:51:11'),
	(178,17,'Mr. Jeffrey Wiegand','Rerum laborum nihil laborum qui atque eum. Sunt cumque quis non voluptatem accusamus. Magni consequatur omnis delectus.',2,'2020-04-18 07:51:11','2020-04-18 07:51:11'),
	(179,29,'Luther Fadel','Saepe illum et nobis repudiandae et maiores provident. Dolorem autem et quia nihil. Et et sint cumque consectetur consequatur assumenda. Delectus doloribus dignissimos magni ut.',2,'2020-04-18 07:51:11','2020-04-18 07:51:11'),
	(180,22,'Edyth Goyette','Ullam cumque aliquam aut sed facilis. Est et sed dignissimos cum facere impedit.',2,'2020-04-18 07:51:11','2020-04-18 07:51:11'),
	(181,50,'Mr. Joaquin Jacobs','Quae voluptatem laborum voluptate quisquam quibusdam. Est fuga incidunt minima magni ea. Odit est quis architecto illo.',4,'2020-04-18 07:51:11','2020-04-18 07:51:11'),
	(182,22,'Warren Littel','Beatae ut doloremque consectetur omnis. Neque praesentium hic aut quo et. Minus minima autem temporibus eos et facilis.',5,'2020-04-18 07:51:11','2020-04-18 07:51:11'),
	(183,50,'Stephanie Nolan MD','Rem sed enim minus corrupti laboriosam et voluptates. Velit praesentium praesentium odio velit fugit dolores est. Beatae praesentium minus reprehenderit.',4,'2020-04-18 07:51:11','2020-04-18 07:51:11'),
	(184,19,'Dr. Lacy West','Modi provident cum illum officiis quas autem. Voluptatem quam sed impedit voluptate. Rerum quo corrupti tenetur alias omnis qui corrupti.',1,'2020-04-18 07:51:11','2020-04-18 07:51:11'),
	(185,12,'Mrs. Margie Hartmann MD','Rerum recusandae qui est consequatur est. Molestias excepturi et est aspernatur ut sint. Et deserunt ut quia id rerum. Nobis in autem odit omnis voluptatem.',2,'2020-04-18 07:51:11','2020-04-18 07:51:11'),
	(186,41,'Miss Marlene Kuhlman','Culpa reiciendis quas dolor dolore consequatur. Maxime doloribus ipsa eligendi quaerat esse. Aut suscipit vero nulla nesciunt nihil et sapiente et.',1,'2020-04-18 07:51:11','2020-04-18 07:51:11'),
	(187,10,'Berta Schamberger','Et sequi vero adipisci sit odio ex. Natus similique beatae ut tempora numquam. Commodi culpa voluptas blanditiis magnam dolores rerum ea autem. Placeat aut hic necessitatibus et.',5,'2020-04-18 07:51:11','2020-04-18 07:51:11'),
	(188,15,'Trycia Rice','Reprehenderit dolor ut esse eos nostrum aut architecto. Dolorum ea autem mollitia qui qui iste aperiam veritatis. Id necessitatibus voluptatem sapiente officiis delectus aut. Laboriosam iure nam aliquam eos. Ut iure est dolor odio ut neque voluptas.',1,'2020-04-18 07:51:11','2020-04-18 07:51:11'),
	(189,31,'Hubert Howe','Tenetur recusandae fugit voluptatem ut. Quia labore suscipit eaque quo alias explicabo veniam. Saepe quo dolores non excepturi corrupti quam.',5,'2020-04-18 07:51:11','2020-04-18 07:51:11'),
	(190,32,'Lorenza O\'Kon','Quis excepturi quos non ducimus quibusdam laborum consectetur. Impedit quia deleniti quibusdam consectetur aut totam in. Blanditiis consectetur possimus quasi autem.',3,'2020-04-18 07:51:11','2020-04-18 07:51:11'),
	(191,33,'Catalina Jacobson','Asperiores molestiae quos nemo. Vero impedit nisi nihil dignissimos dicta error id. Magnam quasi cumque quisquam rerum quia vel. Nam ullam et quaerat maxime deleniti vel.',2,'2020-04-18 07:51:11','2020-04-18 07:51:11'),
	(192,12,'Sasha Jenkins','Ipsam facilis quidem excepturi reiciendis laboriosam optio et. Soluta consequatur modi qui similique vel reprehenderit error quis. Et magnam et alias.',5,'2020-04-18 07:51:11','2020-04-18 07:51:11'),
	(193,47,'Solon Hagenes Jr.','Illum sed totam quibusdam. Excepturi vel voluptatibus pariatur necessitatibus.',5,'2020-04-18 07:51:11','2020-04-18 07:51:11'),
	(194,26,'Beryl Berge','Voluptatibus a quia omnis maxime neque hic. Earum illo veritatis explicabo dignissimos et qui. Veritatis ut aliquid at et. Illum reprehenderit unde a.',4,'2020-04-18 07:51:11','2020-04-18 07:51:11'),
	(195,47,'Elvera Haag','Inventore odio recusandae ut esse. Culpa molestias occaecati iure dolor repellendus error. Aut saepe soluta at provident expedita qui.',4,'2020-04-18 07:51:11','2020-04-18 07:51:11'),
	(196,35,'Mr. Keshaun Bednar DDS','Natus repudiandae fugiat soluta. Eius aut alias sit necessitatibus perferendis. Odio quibusdam molestias qui harum. Quaerat debitis et inventore sed aliquid reprehenderit laudantium.',4,'2020-04-18 07:51:11','2020-04-18 07:51:11'),
	(197,14,'Jane Funk','Natus velit eos dolore iure. Porro quibusdam est autem aut magnam aspernatur labore quia. Sit qui quos sed et quam laudantium.',3,'2020-04-18 07:51:11','2020-04-18 07:51:11'),
	(198,23,'Judd Ziemann','Pariatur eos vel quo quo harum. Sint necessitatibus mollitia sit veniam maxime. Atque debitis aperiam eligendi occaecati. Tenetur labore placeat molestiae voluptatem id maiores assumenda provident.',1,'2020-04-18 07:51:11','2020-04-18 07:51:11'),
	(199,47,'Dina Crooks','At asperiores vero id. Ea asperiores quia consequatur quae accusamus voluptate. Laboriosam labore rerum cupiditate sint numquam. Molestiae perferendis et aut quia.',3,'2020-04-18 07:51:11','2020-04-18 07:51:11'),
	(200,13,'Mathilde Upton','Qui molestiae autem dicta porro dolore voluptate necessitatibus et. Nostrum a ad necessitatibus. Quidem voluptas excepturi voluptatem neque a voluptas.',3,'2020-04-18 07:51:11','2020-04-18 07:51:11'),
	(201,2,'Gerard Wiza','Suscipit sint qui sed dolor saepe sit. Modi dolor ea omnis magni est. Nostrum ab neque nesciunt. Aut blanditiis consequatur eaque impedit ea excepturi.',3,'2020-04-18 07:51:11','2020-04-18 07:51:11'),
	(202,41,'Bradford Goldner II','Saepe sunt odit quos asperiores et. Illo sequi libero facere sint molestias est provident debitis. Est nostrum est incidunt labore reiciendis fuga omnis. Molestiae dolorem blanditiis illum laudantium id ipsum quia nulla.',3,'2020-04-18 07:51:11','2020-04-18 07:51:11'),
	(203,37,'Christ Pacocha','Necessitatibus quis provident quisquam atque. Ducimus sint perferendis molestiae tempora omnis sequi necessitatibus. Sit labore non ducimus odit occaecati. Quis voluptate quaerat et. Magni ut ducimus quod fuga delectus.',2,'2020-04-18 07:51:11','2020-04-18 07:51:11'),
	(204,24,'Vivienne Wuckert','Et aut cumque quibusdam. Molestias accusantium sint facilis enim magni.',2,'2020-04-18 07:51:11','2020-04-18 07:51:11'),
	(205,4,'Porter Eichmann','Veritatis sapiente ut molestiae ipsam corporis ducimus. Corrupti ad quia sit ut. Quos neque occaecati eos dignissimos inventore perferendis. Eum provident aut culpa assumenda velit.',5,'2020-04-18 07:51:11','2020-04-18 07:51:11'),
	(206,7,'Audra Moore','Commodi harum adipisci aperiam a labore consequatur ab. Alias delectus id voluptas distinctio perspiciatis ea qui. Qui sint doloribus et omnis ducimus maiores. Ex repudiandae esse amet voluptate.',4,'2020-04-18 07:51:11','2020-04-18 07:51:11'),
	(207,29,'Bernadine Hartmann','Aut illo nihil qui et esse dolorem. Soluta culpa accusamus fugit eum. Ducimus doloribus maxime hic tempore amet sit nostrum. In ducimus id voluptatem eos fugiat impedit voluptatem.',3,'2020-04-18 07:51:11','2020-04-18 07:51:11'),
	(208,48,'Reynold Altenwerth','Ab molestiae cumque est deleniti repellendus. Vero repellat vel est eos magnam aut id.',3,'2020-04-18 07:51:11','2020-04-18 07:51:11'),
	(209,48,'Ms. Leda Dare','Placeat molestiae voluptatem sapiente voluptate iusto possimus aperiam qui. Voluptas incidunt eligendi dolor voluptas sint perferendis. Nihil beatae debitis est temporibus aspernatur omnis qui. Facere distinctio in ut fugit vitae.',4,'2020-04-18 07:51:11','2020-04-18 07:51:11'),
	(210,13,'Samson Fisher','Possimus quam et quisquam rem fuga. Quia dignissimos magnam debitis omnis praesentium et. Vitae cupiditate voluptas animi ut et incidunt.',4,'2020-04-18 07:51:11','2020-04-18 07:51:11'),
	(211,20,'Enid Robel','Nihil nesciunt et similique ducimus. Dolor eum ut quisquam. Doloremque repellendus et ut ipsum eos. Ipsam accusamus aliquam enim pariatur corrupti aperiam quis minima. Sit neque assumenda et at minima doloremque eum.',2,'2020-04-18 07:51:11','2020-04-18 07:51:11'),
	(212,41,'Jasmin Volkman','Sapiente velit laudantium consequuntur minima. Officia rerum suscipit est corporis. Qui provident et aut ea dolorem explicabo ut. Tenetur molestiae perspiciatis quis sint et sit.',3,'2020-04-18 07:51:11','2020-04-18 07:51:11'),
	(213,10,'Harmony Ritchie','Beatae maiores impedit sit eum non esse cumque placeat. Laboriosam itaque praesentium illo.',4,'2020-04-18 07:51:11','2020-04-18 07:51:11'),
	(214,2,'Polly Koelpin','Et cumque aut eos est sint. Quo ut distinctio ut iusto earum est. Assumenda sit ipsam vero qui tenetur sed.',2,'2020-04-18 07:51:11','2020-04-18 07:51:11'),
	(215,46,'Tomasa Murray','Voluptate sed commodi quas esse dolorem veniam soluta tenetur. Sit quos ut possimus totam. Voluptatem accusamus quisquam et et incidunt ut.',1,'2020-04-18 07:51:11','2020-04-18 07:51:11'),
	(216,48,'Treva Treutel','Debitis et ipsum illum nostrum inventore. Nihil consequatur magnam in et dicta. Vero expedita ratione distinctio dolores sint alias est quia. Maiores sunt officia dolorem.',5,'2020-04-18 07:51:11','2020-04-18 07:51:11'),
	(217,5,'Prof. Davin Brekke','Dolor voluptas rerum distinctio praesentium dolor quo. Amet nihil quaerat nemo et repellat sequi quia. Asperiores natus ut ea deleniti et recusandae.',2,'2020-04-18 07:51:11','2020-04-18 07:51:11'),
	(218,49,'Prof. Casper Goodwin','Perferendis accusantium pariatur et placeat officia consequatur. Ut ut cupiditate illum. Minima a est quia in itaque.',3,'2020-04-18 07:51:11','2020-04-18 07:51:11'),
	(219,19,'Kyla Dickens','Qui odio vero architecto et deserunt consectetur quasi. Magnam recusandae laborum alias dolor iste tempora ea. Sed mollitia dolor tenetur consequatur quia non dolorem.',4,'2020-04-18 07:51:11','2020-04-18 07:51:11'),
	(220,20,'Deven Nader','Aliquam possimus sint vel sunt. Voluptatem modi corrupti et et. Dolores quod nemo in ea nobis explicabo molestiae est.',1,'2020-04-18 07:51:11','2020-04-18 07:51:11'),
	(221,20,'Percival Schuster II','Quo dolores esse itaque quia perferendis aperiam vel. Repellendus in quod quo tempore quo. Eos magni fugit aperiam doloribus et nihil.',2,'2020-04-18 07:51:11','2020-04-18 07:51:11'),
	(222,16,'Janis Langosh','Quam aspernatur commodi labore. Qui rerum sit suscipit distinctio iusto deserunt est. Maiores non dolore recusandae ut molestias. Neque ea non qui sapiente.',3,'2020-04-18 07:51:11','2020-04-18 07:51:11'),
	(223,5,'Dr. Bernadine Ziemann DDS','Qui fugit corrupti eius voluptas enim. Ipsa nisi ea voluptates fugiat quos laborum. Facilis at in veritatis sequi quis consequuntur.',3,'2020-04-18 07:51:11','2020-04-18 07:51:11'),
	(224,25,'Dr. Tyrel Mertz PhD','Labore et et sunt qui. Reiciendis aliquam ratione ut voluptas debitis exercitationem. Rerum in quasi quis tempora.',2,'2020-04-18 07:51:11','2020-04-18 07:51:11'),
	(225,50,'Gaston Rodriguez','Sint ut eveniet quia dolorum accusamus doloremque. Asperiores explicabo rerum voluptas placeat quis recusandae est. Error commodi dolorem a doloremque quia. Saepe velit ducimus nesciunt aliquam.',2,'2020-04-18 07:51:11','2020-04-18 07:51:11'),
	(226,30,'Merl Daugherty','Nam laudantium nihil et voluptatibus. Iure nulla ut et ipsa. Porro qui et possimus iusto.',4,'2020-04-18 07:51:11','2020-04-18 07:51:11'),
	(227,3,'Rylan Smith','Dignissimos mollitia qui laudantium id sed incidunt. Consequatur cum quos voluptatem amet est velit ipsum. Qui incidunt occaecati expedita cupiditate.',3,'2020-04-18 07:51:11','2020-04-18 07:51:11'),
	(228,20,'Ebony Cronin','Sapiente consequatur placeat architecto incidunt maxime. Sint omnis enim nesciunt sint reprehenderit esse odio. At sapiente qui necessitatibus. Reiciendis blanditiis voluptates delectus quae laudantium facere id quo.',3,'2020-04-18 07:51:11','2020-04-18 07:51:11'),
	(229,13,'Jensen Kohler DDS','Deleniti ducimus neque esse inventore. Omnis alias et incidunt. Doloremque expedita exercitationem unde aut nostrum quidem iure.',2,'2020-04-18 07:51:11','2020-04-18 07:51:11'),
	(230,2,'Heloise Towne DDS','Omnis vel quia id est est molestiae quae non. Sit expedita voluptatibus fugit nulla qui mollitia exercitationem. Ullam ut et possimus tempore magnam quidem.',3,'2020-04-18 07:51:11','2020-04-18 07:51:11'),
	(231,13,'Winona Considine','Laboriosam est et voluptatem atque consectetur aperiam cum. Soluta dolorem facilis voluptatem sit consequatur nisi. Nam debitis id tenetur qui quia. Libero nam libero et alias eos voluptatum in.',3,'2020-04-18 07:51:11','2020-04-18 07:51:11'),
	(232,44,'Lesley Schmidt','Fugiat aspernatur officiis aliquid ut aut pariatur autem. Eligendi dolores quidem laboriosam aspernatur commodi quia. Et autem possimus similique aut consequatur voluptatem.',4,'2020-04-18 07:51:11','2020-04-18 07:51:11'),
	(233,21,'Pearl Howe','Molestiae aut molestias nisi sequi eos repellat. Occaecati reprehenderit enim velit suscipit et mollitia perferendis. Recusandae eum vel enim ut itaque. Modi dicta itaque repellat in.',1,'2020-04-18 07:51:11','2020-04-18 07:51:11'),
	(234,8,'Dianna Bechtelar MD','Quia ut error quia voluptatum quod quae. Numquam ipsa eum molestiae qui dolores repudiandae necessitatibus. Minima hic quibusdam architecto reiciendis. Ut mollitia ut dolor. Voluptatem rerum eius placeat necessitatibus blanditiis.',1,'2020-04-18 07:51:11','2020-04-18 07:51:11'),
	(235,24,'Mrs. Hillary Lowe','Adipisci facere reiciendis voluptas impedit dolor enim blanditiis. In nobis impedit eos praesentium sed. Distinctio aut laboriosam et dicta ut blanditiis qui. Maiores ipsam non facere asperiores pariatur.',1,'2020-04-18 07:51:11','2020-04-18 07:51:11'),
	(236,8,'Dr. Camilla Hamill','Corporis debitis aperiam quidem consectetur quibusdam blanditiis alias blanditiis. Architecto iusto nihil itaque. Dignissimos quibusdam ad cum quia voluptate temporibus quaerat. Architecto et ea voluptate velit.',3,'2020-04-18 07:51:11','2020-04-18 07:51:11'),
	(237,10,'Casandra Frami III','Eaque hic sunt id facilis. Quia optio quas nulla iure impedit fugit. Vel accusamus voluptatem deserunt recusandae porro ducimus ut. Et in ipsa quis sit magnam.',2,'2020-04-18 07:51:11','2020-04-18 07:51:11'),
	(238,14,'Christ Runte','Quia expedita asperiores velit laboriosam consequatur. Autem dignissimos doloribus beatae sed non. Quod et ut vel et debitis.',4,'2020-04-18 07:51:11','2020-04-18 07:51:11'),
	(239,22,'Leila Runolfsson','Nobis aut error distinctio doloremque. Beatae est accusamus sapiente ut deserunt est excepturi. Eum quod libero suscipit.',5,'2020-04-18 07:51:11','2020-04-18 07:51:11'),
	(240,37,'Rocky Hill','Nam enim libero et mollitia minima. Deserunt veniam a qui et sed. Est ut dignissimos ratione sed. Totam tempore omnis at harum rerum.',1,'2020-04-18 07:51:11','2020-04-18 07:51:11'),
	(241,34,'Loren Brakus','Earum necessitatibus sint et dolorum quis. Asperiores dignissimos fugiat ipsum enim. Quia totam et nihil corrupti est nobis nemo. Harum enim nobis officia eveniet iste repudiandae.',4,'2020-04-18 07:51:11','2020-04-18 07:51:11'),
	(242,34,'Prof. Avery Bernier PhD','Et impedit quaerat alias voluptatibus qui fugiat iure. Facilis distinctio autem quod est necessitatibus neque quisquam. Voluptas quaerat tenetur iure laudantium molestiae. Dolores reiciendis distinctio reprehenderit nobis.',2,'2020-04-18 07:51:11','2020-04-18 07:51:11'),
	(243,49,'Mrs. Marta Stark III','Commodi atque voluptatum exercitationem unde optio quas quos. Fuga repudiandae molestiae magnam voluptatem. Vitae et eos in perspiciatis possimus impedit cupiditate qui. Voluptatem et mollitia ipsam dicta.',2,'2020-04-18 07:51:11','2020-04-18 07:51:11'),
	(244,28,'Kaylie Anderson','Saepe amet laboriosam omnis ex. Illum totam autem ut et necessitatibus nobis asperiores. In omnis suscipit recusandae nostrum quibusdam. Itaque fuga voluptatem ea sit aut dicta.',1,'2020-04-18 07:51:11','2020-04-18 07:51:11'),
	(245,41,'Kayli Schoen','Et sed recusandae recusandae ad reiciendis sapiente omnis. Pariatur aliquid ea eius consequuntur. Iusto atque nulla aut eaque quibusdam.',3,'2020-04-18 07:51:11','2020-04-18 07:51:11'),
	(246,1,'Winona Orn','Ullam explicabo quibusdam non soluta consequatur quia. Minus voluptates exercitationem repudiandae omnis culpa occaecati non. Amet dignissimos nostrum quo aperiam nihil ea. Id velit sed aperiam a omnis.',3,'2020-04-18 07:51:11','2020-04-18 07:51:11'),
	(247,26,'Tiana Zulauf','Natus aut natus nihil unde a aliquid. Veritatis architecto voluptas cum voluptas aliquid assumenda ipsam. Sit ex et ea ut debitis.',1,'2020-04-18 07:51:11','2020-04-18 07:51:11'),
	(248,13,'Sterling Blanda','Et ipsa perferendis est deleniti placeat sint. Est adipisci sapiente ut et amet laboriosam velit. Quo quia cumque enim deleniti perspiciatis provident.',5,'2020-04-18 07:51:11','2020-04-18 07:51:11'),
	(249,10,'Bernhard Abbott','Consectetur sit et ut et repellat. Earum accusantium tempora qui ad eius illum. Id fugit assumenda fugiat quidem eum cupiditate iusto. Expedita ipsa quo illo non maxime.',4,'2020-04-18 07:51:11','2020-04-18 07:51:11'),
	(250,41,'Orlando Konopelski','Animi eos corporis eaque laborum recusandae aliquam. Molestiae velit pariatur dolore soluta unde harum. Perspiciatis ut recusandae fuga sapiente. Sed facere corrupti aut sint quis suscipit reiciendis commodi.',2,'2020-04-18 07:51:11','2020-04-18 07:51:11'),
	(251,1,'Theodora Mayert','Et aut expedita ullam autem ut. Corrupti facilis iusto molestiae labore iusto omnis et. Sint tenetur deserunt aut libero necessitatibus quo reprehenderit.',4,'2020-04-18 07:51:11','2020-04-18 07:51:11'),
	(252,35,'Gino Treutel','At quis voluptates itaque laborum. Assumenda nihil sunt itaque vero voluptates omnis recusandae. Tempora distinctio incidunt et laboriosam.',1,'2020-04-18 07:51:11','2020-04-18 07:51:11'),
	(253,50,'Corrine Brakus','Eligendi qui dolores reiciendis et. Ut et quos et vel praesentium. Modi autem qui dolore quia. Illo adipisci omnis et aut nulla doloremque.',4,'2020-04-18 07:51:11','2020-04-18 07:51:11'),
	(254,44,'Dr. Daron Bailey Jr.','Ipsa possimus ut voluptates ut sed officia. Quod harum aliquam laudantium ipsa placeat vel qui adipisci. Ullam consequuntur magnam qui autem exercitationem sit. Quia adipisci debitis non ullam molestiae saepe.',3,'2020-04-18 07:51:11','2020-04-18 07:51:11'),
	(255,46,'Kaley Huels DDS','Voluptas ea magnam maiores atque nemo nobis itaque illum. Distinctio corrupti iusto necessitatibus quisquam distinctio. Harum assumenda nisi eius dolor.',1,'2020-04-18 07:51:11','2020-04-18 07:51:11'),
	(256,14,'Mauricio Dach','Eos velit accusantium voluptatum beatae corporis in accusamus. Sed qui magni ut quibusdam illo voluptatem. Pariatur praesentium molestiae voluptas est voluptate animi facilis. Quia perferendis saepe mollitia sed quas vel excepturi.',4,'2020-04-18 07:51:11','2020-04-18 07:51:11'),
	(257,34,'Mr. Wilber Smith III','Dolores magnam non excepturi fugiat itaque. Rerum qui est et sit in deleniti qui. Molestiae culpa voluptatem error accusantium aspernatur.',4,'2020-04-18 07:51:11','2020-04-18 07:51:11'),
	(258,5,'Faye Kunde MD','Consectetur molestias est reiciendis odio quia libero. Blanditiis iure sit adipisci repudiandae cumque. Deleniti rem consequatur ipsam totam libero ea natus.',2,'2020-04-18 07:51:11','2020-04-18 07:51:11'),
	(259,24,'Prof. Lavina Rohan III','Aliquam eveniet asperiores inventore veritatis quibusdam. Adipisci officiis dolor ut ullam. Provident reiciendis necessitatibus magnam consequatur id.',4,'2020-04-18 07:51:11','2020-04-18 07:51:11'),
	(260,12,'Mr. Nathan Stoltenberg PhD','Magni vel repudiandae accusamus voluptatum. Porro tenetur sed porro nisi vero quis ipsa. Nobis animi dolore tempora eaque illo sint. Ut tempore recusandae consequatur minima omnis similique ipsam.',4,'2020-04-18 07:51:11','2020-04-18 07:51:11'),
	(261,7,'Dr. Kassandra Baumbach','Labore cum in sint facilis saepe repellendus. Laborum consequatur voluptatum rerum cum asperiores magni. Occaecati maxime accusamus in facere quasi voluptatem ut.',4,'2020-04-18 07:51:11','2020-04-18 07:51:11'),
	(262,37,'Bethel Hills','Et quisquam tempore officiis ut qui minima voluptas. Sint omnis qui consequatur hic est perferendis est.',1,'2020-04-18 07:51:11','2020-04-18 07:51:11'),
	(263,40,'Freeman McGlynn','Voluptatem qui dolor maxime beatae accusamus et tenetur. Quia ducimus placeat blanditiis et commodi. Recusandae eligendi eos necessitatibus iste eius qui sed. Asperiores quod veritatis dolores molestias.',2,'2020-04-18 07:51:11','2020-04-18 07:51:11'),
	(264,11,'Mrs. Ophelia Hamill DVM','Labore iure aliquid rerum unde ratione assumenda ipsam. Et enim deserunt aut qui. Odio ut iure fuga.',2,'2020-04-18 07:51:11','2020-04-18 07:51:11'),
	(265,1,'Hollis Orn','Beatae fugit at id quia cupiditate inventore. Tenetur sed molestiae blanditiis eum sed.',2,'2020-04-18 07:51:11','2020-04-18 07:51:11'),
	(266,17,'Ismael Bechtelar','Sunt ea voluptates neque. Autem nulla ipsam est et ut sapiente minima.',5,'2020-04-18 07:51:11','2020-04-18 07:51:11'),
	(267,21,'Helena Kautzer','Est voluptates dignissimos qui quod eveniet et et reprehenderit. Architecto est quos et aut. Velit id quas dolore in sequi reiciendis neque.',5,'2020-04-18 07:51:11','2020-04-18 07:51:11'),
	(268,25,'Norma Carter','Quia omnis qui aut porro dolorem similique. Rem recusandae fugiat qui quos facilis autem. Sed ut unde consequuntur aut possimus fugiat sunt.',2,'2020-04-18 07:51:11','2020-04-18 07:51:11'),
	(269,6,'Zita Braun PhD','Rerum alias eius quae magni reprehenderit quia libero. Ex repellendus asperiores ipsum nam voluptatem sapiente. Esse ipsam minus tempora veritatis in. Corporis adipisci dolores sed molestiae accusantium.',2,'2020-04-18 07:51:11','2020-04-18 07:51:11'),
	(270,42,'Dr. Damian Conroy','Quo eveniet fugiat reprehenderit repellat sit. Eligendi cupiditate ut aliquam tenetur vitae. Voluptatem quidem expedita aut.',5,'2020-04-18 07:51:11','2020-04-18 07:51:11'),
	(271,48,'Reid Cremin','Blanditiis repellendus nemo quae voluptates debitis. Tempore ipsa molestiae sunt qui at. Minus accusamus et iste et aut sed vel.',4,'2020-04-18 07:51:11','2020-04-18 07:51:11'),
	(272,14,'Alverta Konopelski DVM','Unde et et velit illum sit. Nihil tenetur eligendi soluta qui.',2,'2020-04-18 07:51:11','2020-04-18 07:51:11'),
	(273,42,'Alysson Conroy','Cumque esse sed eos et et sed et. Ab non sed quidem perferendis non odio. Expedita laudantium qui repudiandae autem totam dolorum quae sint. Voluptatem veniam et cupiditate ea suscipit ea quia ut.',3,'2020-04-18 07:51:11','2020-04-18 07:51:11'),
	(274,13,'Maddison Schmidt','Eveniet sapiente aut nihil cum consectetur placeat. Eligendi iure impedit illum illum qui et nostrum. Quis in minus corrupti.',5,'2020-04-18 07:51:11','2020-04-18 07:51:11'),
	(275,14,'Isadore Hagenes','Excepturi voluptate esse repellendus et consectetur vel. Vel eos non sequi inventore in. Ipsam libero perspiciatis est distinctio. Et distinctio est et alias.',2,'2020-04-18 07:51:11','2020-04-18 07:51:11'),
	(276,5,'Cooper Lind III','Natus laborum quia quia et. Est provident quia omnis consequuntur voluptatem distinctio nemo. Numquam exercitationem minus vel sint nulla qui et aperiam. Nihil quia error est eum quibusdam mollitia. Deserunt non esse ut dolorum et in.',3,'2020-04-18 07:51:11','2020-04-18 07:51:11'),
	(277,26,'Jackie Flatley I','Soluta quo enim vero sint eum. Cupiditate aut quia voluptas minima necessitatibus voluptatem.',5,'2020-04-18 07:51:11','2020-04-18 07:51:11'),
	(278,19,'Freeda O\'Kon','Dignissimos voluptatibus sit quia et. Omnis delectus laborum corporis exercitationem qui doloribus aspernatur. Quaerat consequatur recusandae sed eveniet qui ut. Aut tempora dolore quas non. Alias saepe et alias sint cum.',3,'2020-04-18 07:51:11','2020-04-18 07:51:11'),
	(279,15,'Garth Hudson','Omnis reiciendis sunt voluptas ut nihil. Facere recusandae voluptatem omnis. Reprehenderit nihil aut quis debitis sint. Hic cumque accusantium repudiandae sint voluptatem a.',2,'2020-04-18 07:51:11','2020-04-18 07:51:11'),
	(280,22,'Stevie Koelpin','Sunt iure necessitatibus vitae molestiae rerum qui. Voluptate quia recusandae est maxime harum ratione. Dolores consequatur et aut unde dignissimos.',3,'2020-04-18 07:51:11','2020-04-18 07:51:11'),
	(281,20,'Elouise Labadie','Facere animi voluptas fugit natus voluptatibus quis et alias. Est est autem ad dolor est itaque est.',4,'2020-04-18 07:51:11','2020-04-18 07:51:11'),
	(282,26,'Ardella Zieme','Rem et consequatur eos vitae omnis quo. Quas aperiam consequatur dicta dignissimos eos assumenda. Itaque et et ut sed maiores ea adipisci ut. Atque rerum aliquid voluptatem at exercitationem inventore.',1,'2020-04-18 07:51:11','2020-04-18 07:51:11'),
	(283,37,'Devyn Hermiston','Tempore inventore omnis aperiam explicabo dignissimos et dolorum. Illum molestias ratione beatae ducimus ducimus consequuntur. Necessitatibus aut expedita sed eaque consequatur aut debitis.',5,'2020-04-18 07:51:11','2020-04-18 07:51:11'),
	(284,44,'Miss Felicity McLaughlin','Iste vel consectetur possimus ea doloribus. Voluptatem soluta veritatis sed dolor itaque. Sit voluptas sit necessitatibus soluta quisquam.',2,'2020-04-18 07:51:11','2020-04-18 07:51:11'),
	(285,6,'Lillie Dooley','Suscipit fugit aspernatur ut explicabo architecto totam et. Omnis dolorem sit dolores ut rem voluptates et.',3,'2020-04-18 07:51:11','2020-04-18 07:51:11'),
	(286,2,'Mr. Chase Homenick','Fugiat aspernatur eaque qui fugit ea. Quis officiis iure laborum dignissimos consequuntur ut. Et et eveniet id aliquid fugit est.',2,'2020-04-18 07:51:11','2020-04-18 07:51:11'),
	(287,28,'Tavares Funk','Quia iure qui quo et exercitationem quis. Unde non id ullam autem nam ut nostrum distinctio. Officiis consequatur eius sit omnis dolorem corrupti culpa et. Corrupti eveniet quam rem qui id.',1,'2020-04-18 07:51:11','2020-04-18 07:51:11'),
	(288,37,'Mrs. Helena Rempel Jr.','Quia officiis exercitationem deleniti facere. Dolorem iure nulla animi aspernatur dolor perspiciatis omnis. Voluptate qui quo cumque voluptatem ratione.',3,'2020-04-18 07:51:11','2020-04-18 07:51:11'),
	(289,37,'Prof. Nick Grady DDS','Tenetur quia culpa odio minus consequatur sunt ea. Amet nostrum enim debitis consequatur. Est modi rem sed sunt dolor.',3,'2020-04-18 07:51:11','2020-04-18 07:51:11'),
	(290,27,'Prof. Myrtle Weimann III','Autem atque et aut quod autem nesciunt. Deserunt quos vitae ut mollitia cumque. Nihil id dolores aut nesciunt. Fugiat necessitatibus fuga sapiente quas illum veniam debitis praesentium.',2,'2020-04-18 07:51:11','2020-04-18 07:51:11'),
	(291,11,'Prof. Zoe Emard DDS','Vel explicabo reprehenderit ex dolores ipsum reiciendis corrupti. Accusantium sapiente facere veritatis. Impedit expedita aut voluptatem enim. Nisi aspernatur molestias et. Nam ullam molestiae id sunt eum qui.',1,'2020-04-18 07:51:11','2020-04-18 07:51:11'),
	(292,25,'Crystal Prohaska','Vitae facilis non est consequatur ea sed consequatur. Est non et ut ut velit eos molestiae. Atque harum quos quisquam et.',3,'2020-04-18 07:51:11','2020-04-18 07:51:11'),
	(293,21,'Maximillia Klein','Quos commodi quam qui blanditiis praesentium. Quas voluptas est dicta expedita pariatur adipisci. Quis enim at similique possimus nesciunt omnis.',3,'2020-04-18 07:51:11','2020-04-18 07:51:11'),
	(294,49,'Dr. Desiree Roob Jr.','Reiciendis temporibus et adipisci dolorem. Repudiandae omnis quod perferendis. Est rerum accusantium quaerat.',3,'2020-04-18 07:51:11','2020-04-18 07:51:11'),
	(295,24,'Cathryn Schowalter','Magni rerum et eum ipsum. Et voluptatem consequatur excepturi sit. Adipisci nihil soluta quas velit nemo deserunt facilis.',5,'2020-04-18 07:51:11','2020-04-18 07:51:11'),
	(296,4,'Mrs. Tabitha Cormier Jr.','Ipsum ut fugit ullam eaque nesciunt sunt. Nostrum necessitatibus nobis animi aliquid eius. Reprehenderit quia quisquam sit velit. Sed fugiat necessitatibus et ut assumenda at ipsam.',2,'2020-04-18 07:51:11','2020-04-18 07:51:11'),
	(297,24,'Vella Bahringer','Occaecati corrupti enim ducimus saepe omnis. Rerum nisi enim ut qui ad est debitis. Est doloremque dolorem modi vero nihil. Sequi quia at consequuntur consectetur.',2,'2020-04-18 07:51:11','2020-04-18 07:51:11'),
	(298,50,'Dr. Josh Harber','Ipsum qui placeat similique quis. Delectus aperiam sapiente tenetur quis quo eius minima. Unde qui ut distinctio fuga. Sit rerum adipisci sint error veritatis ut perferendis ea. Facere iure vitae qui recusandae harum.',5,'2020-04-18 07:51:11','2020-04-18 07:51:11'),
	(299,20,'Ralph Olson MD','Quis id libero labore fuga et hic sit sed. Dolorem cum sint sapiente nihil vitae accusamus. Aspernatur aliquam ea qui natus nemo est. Error qui dolor nesciunt distinctio.',3,'2020-04-18 07:51:11','2020-04-18 07:51:11'),
	(300,11,'Karl Wilderman','Voluptatem repudiandae illo distinctio dolor libero ad ut. Autem minus sunt voluptas sed quo. Odio dicta sint sit eveniet odit unde iure commodi. Sed illo autem aspernatur.',5,'2020-04-18 07:51:11','2020-04-18 07:51:11'),
	(301,31,'Ocie Fisher','Voluptates molestias esse consequuntur perspiciatis adipisci. Aliquid et odit repudiandae.',2,'2020-04-18 07:51:11','2020-04-18 07:51:11'),
	(302,6,'Miss Carmella Little MD','Neque blanditiis voluptatem veniam et voluptate id. Voluptas exercitationem voluptatem non mollitia. Similique temporibus dolorem enim minus nulla earum neque.',5,'2020-04-18 07:51:11','2020-04-18 07:51:11'),
	(303,7,'Mrs. Rosalinda Price DVM','Culpa in quis et non asperiores. Sunt adipisci veniam qui temporibus voluptatem cumque adipisci.',2,'2020-04-18 07:51:11','2020-04-18 07:51:11'),
	(304,6,'Prof. Eva White','Sapiente quaerat officia praesentium sed quo reprehenderit cum. Pariatur et cum fugit. Qui corrupti et aperiam quia inventore minus. Id quia dolor necessitatibus et magni labore perspiciatis molestiae. In rerum itaque deleniti qui a odio.',1,'2020-04-18 07:51:11','2020-04-18 07:51:11'),
	(305,49,'Jennie Jones','Quibusdam id ipsum eos praesentium et nisi aperiam. Et nesciunt dicta excepturi et sit voluptas omnis. Veritatis laborum dolores molestiae iste quibusdam sed voluptatem. Quidem porro fugiat laborum placeat. Harum aut neque id eaque dolor perspiciatis.',5,'2020-04-18 07:51:11','2020-04-18 07:51:11'),
	(306,14,'Pietro Sawayn','Voluptas distinctio ipsa dolor ut quia eum. Doloremque exercitationem voluptas vel minus sint qui animi. Neque placeat a est corporis explicabo omnis dignissimos voluptas. Porro voluptatum a et et eos magni voluptas.',5,'2020-04-18 07:51:11','2020-04-18 07:51:11'),
	(307,19,'Joanny Grady V','Aut molestiae est non molestias dicta. Velit et sit voluptate facilis consequuntur. Explicabo officia at magnam aperiam accusamus.',5,'2020-04-18 07:51:11','2020-04-18 07:51:11'),
	(308,31,'Cory Raynor Jr.','Autem itaque enim debitis illum. Velit velit explicabo necessitatibus nisi earum fugit nihil.',1,'2020-04-18 07:51:11','2020-04-18 07:51:11'),
	(309,23,'Else Swift','Itaque alias dolorem quia odio nihil qui. In repellendus accusamus quia ut consequatur et. Laudantium est ut qui aliquam inventore.',5,'2020-04-18 07:51:11','2020-04-18 07:51:11'),
	(310,8,'Reyna Gutmann','Voluptatem quibusdam temporibus praesentium rerum. Ducimus quia autem qui aliquid. Debitis odio culpa dolorem labore aut quam vel.',4,'2020-04-18 07:51:11','2020-04-18 07:51:11'),
	(311,35,'Elise Walter','Doloremque amet asperiores soluta iusto est soluta aut. Molestiae et eaque provident debitis rerum dolore. Ipsa tempora numquam quidem quaerat iste dolorum.',2,'2020-04-18 07:51:11','2020-04-18 07:51:11'),
	(312,33,'Leonora O\'Hara','Voluptatem quisquam natus consequatur esse quod et. Corporis nemo rem repellendus rerum nam quod. Omnis recusandae sed deserunt enim. Saepe asperiores aut voluptatem.',2,'2020-04-18 07:51:11','2020-04-18 07:51:11'),
	(313,23,'Dawn Rice PhD','Odio hic quibusdam nihil. Vel et dolorum quis.',2,'2020-04-18 07:51:11','2020-04-18 07:51:11'),
	(314,18,'Mr. Melvin Volkman I','Eum quibusdam quas voluptas quis possimus explicabo. Ut cumque expedita aut cum. Libero praesentium sit dolorem nisi fugiat saepe. Nihil aut cumque consectetur. Quam veniam nihil non et.',2,'2020-04-18 07:51:11','2020-04-18 07:51:11'),
	(315,9,'Obie Feeney','Aliquam et provident explicabo quaerat. Id beatae voluptatem optio expedita molestiae deserunt. Ratione et aut omnis.',1,'2020-04-18 07:51:11','2020-04-18 07:51:11'),
	(316,26,'Dylan Champlin','Ut nostrum aperiam vitae unde quia. Assumenda consequatur aperiam sint. Aut maiores autem qui reprehenderit eveniet. Cupiditate eum doloremque reiciendis excepturi officia.',4,'2020-04-18 07:51:11','2020-04-18 07:51:11'),
	(317,30,'Johathan DuBuque III','Consequuntur molestiae eius doloribus. Vitae a distinctio in et laboriosam sed. Est dolor mollitia eligendi fuga beatae ut. Non quo pariatur dolor rerum. Aut sit unde autem qui.',2,'2020-04-18 07:51:11','2020-04-18 07:51:11'),
	(318,3,'Melisa Mills','Qui nam beatae necessitatibus aut ut. Doloribus velit ab vel ad dolores debitis.',1,'2020-04-18 07:51:11','2020-04-18 07:51:11'),
	(319,32,'Mya Schmitt DDS','Sint tenetur et voluptatum magni. Eum doloremque amet excepturi sunt. Ullam molestiae laboriosam cupiditate vel tenetur cum quis fugit. Deleniti vel dolorem omnis enim repudiandae.',5,'2020-04-18 07:51:11','2020-04-18 07:51:11'),
	(320,38,'Maximo Boyer','Doloribus sed reiciendis eos unde voluptatibus id. Ut at voluptate voluptatem voluptatibus enim. Omnis numquam quia eos voluptas numquam dolor eum. Nostrum nisi soluta dicta est culpa.',2,'2020-04-18 07:51:11','2020-04-18 07:51:11'),
	(321,9,'Richard Zulauf','In ut maiores ab quibusdam quis sunt amet delectus. Placeat minus qui quisquam id porro accusantium ea. Excepturi dicta non nisi quo et. Ea voluptas libero aliquam totam.',5,'2020-04-18 07:51:11','2020-04-18 07:51:11'),
	(322,9,'Ashly Senger I','Non natus et consequatur consectetur nobis eos et. Eius vero ea ad autem nam quis. Enim molestiae ipsam officiis expedita a omnis. Est suscipit quia quia et.',1,'2020-04-18 07:51:11','2020-04-18 07:51:11'),
	(323,29,'Matt O\'Connell IV','Ut cumque consequatur cumque. Adipisci ad iure pariatur ipsa sunt. Sed facilis illum voluptas temporibus quibusdam ea rerum aperiam. Culpa temporibus porro quia.',3,'2020-04-18 07:51:11','2020-04-18 07:51:11'),
	(324,6,'Baron Volkman Sr.','Ratione soluta praesentium a porro a quo enim. Qui rerum autem est assumenda recusandae ut eos. Cum perspiciatis temporibus cumque deleniti rerum assumenda.',5,'2020-04-18 07:51:11','2020-04-18 07:51:11'),
	(325,48,'Adrain Douglas','Beatae veritatis totam asperiores error error. Architecto voluptas voluptatem fugiat mollitia temporibus tempora id fugiat. Aut commodi repellendus voluptates tenetur. Ratione distinctio laboriosam eum vel. Quia velit consequuntur repudiandae earum non perferendis nostrum.',3,'2020-04-18 07:51:11','2020-04-18 07:51:11'),
	(326,48,'Humberto Purdy','Qui debitis nemo voluptas et. Velit perspiciatis ut quia hic corporis. Et non dolor sed voluptatem perspiciatis consectetur eaque.',2,'2020-04-18 07:51:11','2020-04-18 07:51:11'),
	(327,10,'Prof. Cristina Kreiger DVM','Possimus sit suscipit amet repudiandae sunt nam vero. Est magni et quod illum. Ab et dolor nihil rem voluptatem suscipit deleniti.',1,'2020-04-18 07:51:11','2020-04-18 07:51:11'),
	(328,35,'Roslyn Cormier','Aut doloribus est mollitia maiores aperiam. Repellat quas molestias qui iste molestiae. Ea hic explicabo sit tempore quas consequatur. Et tempore ex odio odio.',4,'2020-04-18 07:51:11','2020-04-18 07:51:11'),
	(329,9,'Aron Quigley','Nam repellat dignissimos eos voluptatem. Recusandae ipsum et placeat odio dolorem eos quia voluptatibus. Ad repellendus earum distinctio hic fuga dolorem et dolor. Alias qui minus vero sunt ut asperiores.',4,'2020-04-18 07:51:11','2020-04-18 07:51:11'),
	(330,46,'Robbie Tremblay','Nesciunt qui perspiciatis magnam consectetur ipsam. Veritatis iure aliquam accusantium.',5,'2020-04-18 07:51:11','2020-04-18 07:51:11'),
	(331,3,'Benton McKenzie','Quia itaque quis accusantium voluptates minima corporis laudantium. Et nihil et tenetur expedita sed voluptas eos. Dignissimos totam hic totam et recusandae dolorum.',4,'2020-04-18 07:51:11','2020-04-18 07:51:11'),
	(332,1,'Delbert Blick PhD','Error quae optio ipsa consequatur illo eveniet. Molestiae eum perspiciatis excepturi maxime. Similique dolorum officia at ut et. Dolores sint natus nisi rerum sint.',4,'2020-04-18 07:51:11','2020-04-18 07:51:11'),
	(333,33,'Berneice Shields DDS','Quisquam libero nulla eum rem. Sapiente aut commodi nulla dolor aliquid. Voluptas odit ipsam sint laudantium dolores reprehenderit. Nisi in inventore sapiente ut perspiciatis ab.',4,'2020-04-18 07:51:11','2020-04-18 07:51:11'),
	(334,32,'Prof. Laney Goodwin','Debitis exercitationem ut at sint eos quos omnis dolor. Quas id et sit et. Quae autem reprehenderit ipsum vel rerum dolores.',5,'2020-04-18 07:51:11','2020-04-18 07:51:11'),
	(335,39,'Ethelyn Considine','Inventore sunt dignissimos rem aliquam eveniet. Expedita consectetur a temporibus omnis magni expedita. Error cum enim quasi minima facere excepturi molestiae. Et fugiat nihil illo velit fugit rerum.',2,'2020-04-18 07:51:11','2020-04-18 07:51:11'),
	(336,12,'Jettie Wintheiser','Ut blanditiis ex sit laborum nulla. Natus et qui rerum. Ut natus doloribus saepe. Possimus ex voluptates esse.',1,'2020-04-18 07:51:11','2020-04-18 07:51:11'),
	(337,6,'Dr. Linda Dicki DVM','Ipsam minima quibusdam dicta ut. Saepe est ad sed ut quam quo. A quos non vel qui labore aliquam et.',4,'2020-04-18 07:51:11','2020-04-18 07:51:11'),
	(338,28,'Taryn Breitenberg','Adipisci ipsa est rerum eos. Porro vel aliquam et ratione tempore deleniti quisquam. Debitis et quibusdam voluptate. Dolor mollitia ullam maxime et praesentium adipisci. Aperiam consequatur vel voluptas quibusdam ea velit libero.',2,'2020-04-18 07:51:11','2020-04-18 07:51:11'),
	(339,48,'Ardella Crooks','Provident facilis repellat quisquam dicta. Expedita iusto consectetur nesciunt in dolores rerum blanditiis. Voluptatem autem eum libero omnis blanditiis.',3,'2020-04-18 07:51:11','2020-04-18 07:51:11'),
	(340,10,'Dwight Flatley','Laudantium modi officiis aperiam. Ut cupiditate fugit odio sed est rerum consequatur. Molestiae sapiente et rerum reprehenderit amet dolorum recusandae temporibus.',3,'2020-04-18 07:51:11','2020-04-18 07:51:11'),
	(341,24,'Leta Bogan V','Architecto accusamus aut a eum. Ipsam ut soluta soluta et dignissimos vitae quos iure. Atque beatae accusantium quia cum.',1,'2020-04-18 07:51:11','2020-04-18 07:51:11'),
	(342,10,'Asha D\'Amore','Aut ab debitis error qui sit tenetur. Est quia nulla repudiandae in dolorem sequi. Ut laborum consequuntur dolor. Et aut nisi recusandae voluptatem eaque. Blanditiis reiciendis sit officiis reprehenderit maiores magni sed.',2,'2020-04-18 07:51:11','2020-04-18 07:51:11'),
	(343,19,'Miss Lily Rutherford DDS','Est et aut et sint a perferendis esse alias. Sint et voluptatem voluptas aut maiores. Optio minus enim dolores quia saepe iste similique eos.',3,'2020-04-18 07:51:11','2020-04-18 07:51:11'),
	(344,40,'Talia Gulgowski','Est corporis maxime qui nisi iste blanditiis. Fuga dolore illum provident laboriosam similique. Asperiores iure a explicabo placeat maxime earum.',5,'2020-04-18 07:51:11','2020-04-18 07:51:11'),
	(345,33,'Christelle Deckow','Quia voluptas iusto ullam. Et veniam et veniam dolor consequatur. Inventore fugiat dolor reprehenderit facilis praesentium et.',2,'2020-04-18 07:51:11','2020-04-18 07:51:11'),
	(346,44,'Prof. Adeline Buckridge II','Voluptatem mollitia doloremque dolorem sit. Doloribus hic quia perferendis odio quasi. Illo quos perspiciatis impedit libero alias ullam excepturi. Molestiae aut nobis voluptas dolor corrupti voluptatem reprehenderit.',1,'2020-04-18 07:51:11','2020-04-18 07:51:11'),
	(347,40,'Dr. Katlyn Schneider II','Accusantium delectus sunt nihil facere. Consequatur impedit dicta repellat consectetur. Quod laudantium quo voluptate quisquam. Impedit ut hic tempora corrupti cum. Dolor voluptas eligendi temporibus esse dolorem laborum.',2,'2020-04-18 07:51:11','2020-04-18 07:51:11'),
	(348,13,'Annabelle Barton','Vitae asperiores illo ut amet dolorum. Aspernatur porro sit eius quia perspiciatis. Sit enim sed voluptates praesentium. Id quos harum quia.',4,'2020-04-18 07:51:11','2020-04-18 07:51:11'),
	(349,13,'Jeramie Cummings','Et sunt nam sunt sit libero quia. Esse sit cum error accusamus. Vitae provident atque iusto consequatur cum qui.',1,'2020-04-18 07:51:11','2020-04-18 07:51:11'),
	(350,37,'Raina Christiansen','Molestiae quo incidunt accusamus ea iure. Quibusdam et rem dolor aut debitis perferendis sed maxime. Quia at non recusandae voluptatem. Odit ducimus facilis doloribus harum.',3,'2020-04-18 07:51:11','2020-04-18 07:51:11');

/*!40000 ALTER TABLE `reviews` ENABLE KEYS */;
UNLOCK TABLES;


# Affichage de la table users
# ------------------------------------------------------------

DROP TABLE IF EXISTS `users`;

CREATE TABLE `users` (
  `id` bigint(20) unsigned NOT NULL AUTO_INCREMENT,
  `name` varchar(255) COLLATE utf8mb4_unicode_ci NOT NULL,
  `email` varchar(255) COLLATE utf8mb4_unicode_ci NOT NULL,
  `email_verified_at` timestamp NULL DEFAULT NULL,
  `password` varchar(255) COLLATE utf8mb4_unicode_ci NOT NULL,
  `remember_token` varchar(100) COLLATE utf8mb4_unicode_ci DEFAULT NULL,
  `created_at` timestamp NULL DEFAULT NULL,
  `updated_at` timestamp NULL DEFAULT NULL,
  PRIMARY KEY (`id`),
  UNIQUE KEY `users_email_unique` (`email`)
) ENGINE=InnoDB DEFAULT CHARSET=utf8mb4 COLLATE=utf8mb4_unicode_ci;




/*!40111 SET SQL_NOTES=@OLD_SQL_NOTES */;
/*!40101 SET SQL_MODE=@OLD_SQL_MODE */;
/*!40014 SET FOREIGN_KEY_CHECKS=@OLD_FOREIGN_KEY_CHECKS */;
/*!40101 SET CHARACTER_SET_CLIENT=@OLD_CHARACTER_SET_CLIENT */;
/*!40101 SET CHARACTER_SET_RESULTS=@OLD_CHARACTER_SET_RESULTS */;
/*!40101 SET COLLATION_CONNECTION=@OLD_COLLATION_CONNECTION */;
